sale_id,date,product_id,customer_id,employee_id,quantity,discount,revenue,profit
1,2025-04-22,3,98,38,4,0,673.2,134.96
2,2025-12-28,5,91,24,7,15,8149.6,3320.03
3,2025-07-15,9,49,25,8,15,5672.02,2923.6
4,2025-04-28,7,52,49,8,15,4383.28,1481.12
5,2025-05-25,9,24,26,-4,15,-3207.39,-1064.6
6,2025-05-20,3,132,34,2,20,314.16,123.58
7,2025-05-03,1,109,47,1,10,157.41,83.91
8,2025-12-19,6,27,10,-9,10,-2040.71,-639.18
9,2025-09-27,3,185,45,10,10,1430.55,243.9
10,2025-04-04,10,36,37,1,5,330.22,101.54
11,2025-04-09,3,165,21,1,0,196.35,61.79
12,2025-10-13,9,139,38,2,20,1429.92,433.0
13,2025-05-21,6,68,46,6,10,1169.64,562.92
14,2025-12-26,8,45,15,9,20,2266.06,775.89
15,2025-09-19,10,36,18,5,20,1390.4,507.7
16,2025-09-15,6,20,44,4,15,930.24,603.28
17,2025-05-14,4,174,6,3,10,2272.05,1063.77
18,2025-07-09,2,33,22,10,10,5875.2,2828.2
19,2026-01-09,3,7,47,4,0,822.8,284.56
20,2025-08-02,10,109,16,7,5,2311.54,710.78
21,2025-06-25,4,61,8,2,15,1208.02,802.68
22,2026-03-08,2,94,9,7,0,4284.0,551.74
23,2025-12-30,9,172,40,7,0,8584.48,1863.05
24,2025-09-01,7,180,17,8,20,3562.88,777.92
25,2025-08-09,4,166,14,2,5,1865.32,989.68
26,2025-04-18,5,100,39,7,10,6637.68,3320.03
27,2025-11-27,2,149,36,2,5,1595.62,225.64
28,2025-09-16,3,25,26,4,10,639.54,172.36
29,2026-01-24,9,145,11,9,5,8914.66,3289.05
30,2026-03-14,9,8,37,3,5,3113.06,1245.3
31,2025-08-20,4,73,49,3,5,2931.22,1624.77
32,2025-05-07,4,32,30,8,20,5684.8,3210.72
33,2025-04-01,5,19,47,2,10,1738.44,772.98
34,2025-04-14,4,10,17,9,20,6395.4,3612.06
35,2025-05-03,7,123,21,5,15,2615.02,779.2
36,2025-08-14,2,50,5,1,20,598.4,214.82
37,2025-09-11,7,173,27,4,0,2109.6,271.76
38,2026-02-12,2,96,35,7,0,4046.0,313.74
39,2026-03-25,3,145,34,40,15,6675.9,2471.6
40,2025-12-05,6,164,43,7,10,1587.22,497.14
41,2026-03-06,4,121,8,3,0,2664.75,1204.02
42,2025-12-28,5,118,38,1,20,821.81,210.89
43,2025-11-01,8,195,28,5,15,1337.6,431.05
44,2025-05-14,10,158,18,5,0,1738.0,507.7
45,2025-10-19,8,53,11,9,10,2287.84,1139.04
46,2025-09-25,9,121,30,3,5,2688.55,798.45
47,2026-01-05,7,108,27,5,0,2637.0,339.7
48,2025-08-01,3,167,25,1,5,186.53,61.79
49,2025-06-06,2,97,1,9,20,4308.48,1933.38
50,2025-05-25,5,124,45,6,5,4253.91,1001.94
51,2025-10-17,3,165,11,1,0,196.35,61.79
52,2026-03-12,2,168,26,8,5,4909.6,902.56
53,2026-02-26,6,156,45,9,15,1482.57,639.18
54,2025-11-30,9,197,48,1,0,1097.26,166.85
55,2025-09-26,10,25,36,2,10,540.36,108.28
56,2025-11-16,5,6,35,2,15,1649.32,333.98
57,2026-02-24,9,119,6,2,0,1787.4,433.0
58,2026-01-03,1,20,22,7,5,1268.82,698.67
59,2025-06-10,4,147,44,10,15,7629.6,6350.9
60,2025-12-25,4,178,22,10,20,11668.8,6350.9
61,2026-03-17,2,75,27,1,0,612.0,78.82
62,2026-02-13,3,73,19,2,5,390.83,142.28
63,2025-11-10,8,48,8,10,5,3156.04,996.6
64,2025-08-30,10,192,22,9,10,3071.52,1198.26
65,2025-12-17,1,134,25,5,20,868.14,379.8
66,2025-11-05,9,170,29,6,0,6583.59,1001.1
67,2025-04-24,2,151,17,5,20,2584.0,564.1
68,2025-10-30,10,151,40,3,10,810.54,162.42
69,2026-03-18,1,26,44,8,5,1450.08,798.48
70,2026-03-08,3,51,4,2,5,426.36,179.68
71,2025-12-22,6,5,13,8,20,1707.26,659.36
72,2025-11-18,8,131,5,10,20,3077.36,1400.1
73,2025-12-21,5,177,18,2,15,2134.42,772.98
74,2026-03-25,6,28,22,4,10,984.96,603.28
75,2025-12-31,9,99,38,5,0,5809.05,1082.5
76,2025-12-01,10,45,15,6,5,2107.4,230.04
77,2026-03-05,5,92,30,4,15,2835.94,1019.16
78,2025-05-23,9,129,43,5,15,3587.21,834.25
79,2025-10-25,1,13,21,8,5,1268.82,607.68
80,2025-04-22,6,45,27,5,15,872.1,412.1
81,2025-11-19,6,28,39,9,0,3201.12,1357.38
82,2025-12-01,4,162,31,9,10,10337.83,4453.56
83,2026-01-20,3,109,16,2,0,411.4,142.28
84,2025-12-16,4,100,39,5,10,6563.7,3175.45
85,2025-10-30,9,200,36,2,10,1698.03,532.3
86,2026-01-31,6,173,2,3,20,492.48,247.26
87,2025-10-26,7,27,43,5,10,2241.45,193.2
88,2025-06-15,6,47,11,4,0,766.08,466.48
89,2025-09-24,3,122,38,4,15,572.22,134.96
90,2026-02-06,1,71,44,9,10,1545.48,898.29
91,2025-07-11,4,164,48,5,10,2861.1,1539.2
92,2025-11-01,2,83,44,2,10,1909.44,565.64
93,2025-06-03,2,48,8,5,20,2067.2,564.1
94,2025-07-11,1,43,34,1,0,133.56,75.96
95,2025-11-30,9,45,28,3,5,3311.16,649.5
96,2026-02-10,4,155,9,3,10,2272.05,1063.77
97,2025-10-13,5,40,8,9,10,6756.21,2293.11
98,2025-06-08,2,43,33,9,0,5140.8,1627.38
99,2025-12-09,5,94,20,2,5,1951.79,421.78
100,2025-07-03,9,43,34,3,20,2001.89,1096.35
101,2025-12-28,9,168,26,1,5,1165.04,266.15
102,2025-09-24,7,143,45,10,0,4981.0,386.4
103,2026-02-19,1,64,3,3,5,498.46,251.73
104,2025-12-12,10,58,1,3,20,1084.51,304.62
105,2025-11-15,8,77,11,5,10,1652.33,632.8
106,2025-11-12,9,72,30,1,10,1103.72,266.15
107,2025-08-08,4,41,40,4,0,3553.0,1605.36
108,2025-04-20,4,20,39,2,5,2131.8,1270.18
109,2025-06-13,5,199,12,9,15,4567.36,1502.91
110,2025-08-27,9,151,26,10,20,7546.8,2661.5
111,2025-04-22,5,77,11,4,5,3503.22,1370.36
112,2025-03-27,8,164,41,3,0,685.95,218.28
113,2025-05-31,9,156,35,1,0,844.05,166.85
114,2025-08-28,8,145,31,30,20,6778.8,3796.8
115,2025-12-02,3,89,22,4,5,1108.54,359.36
116,2025-04-04,6,44,6,3,10,554.04,247.26
117,2025-12-05,8,69,26,7,0,2325.5,697.62
118,2025-06-29,7,196,33,8,5,3741.02,1246.72
119,2026-01-04,8,9,42,4,5,1124.42,560.04
120,2025-05-25,8,54,18,6,5,1686.63,840.06
121,2025-08-31,5,160,29,4,0,2985.2,667.96
122,2025-08-07,5,172,8,1,20,667.28,254.79
123,2025-11-18,6,141,36,7,10,1773.95,656.74
124,2025-12-20,2,11,45,5,0,3757.0,224.1
125,2025-04-11,1,133,26,5,0,755.25,300.3
126,2025-07-19,6,74,29,9,0,1395.36,639.18
127,2025-06-19,2,122,20,9,10,3965.76,709.38
128,2025-04-02,2,7,49,1,15,635.8,214.82
129,2025-05-26,10,98,13,5,5,1350.9,191.7
130,2025-09-02,7,173,15,10,20,4219.2,679.4
131,2025-10-29,8,26,7,1,15,274.38,166.91
132,2025-05-23,6,50,32,10,15,2131.8,1280.2
133,2025-11-07,4,32,26,6,15,5889.1,2408.04
134,2025-03-31,1,154,34,7,5,1110.22,531.72
135,2025-12-04,10,121,46,9,15,2985.49,487.26
136,2025-10-23,9,113,23,7,0,8341.2,3600.8
137,2025-07-07,10,43,34,4,5,1008.67,342.96
138,2025-10-03,6,8,47,1,15,213.18,128.02
139,2025-12-08,2,82,42,1,15,826.54,214.82
140,2026-01-04,7,66,28,9,5,4509.27,611.46
141,2026-03-17,8,192,44,6,5,1839.96,1001.46
142,2025-09-13,5,154,11,2,10,1659.42,685.18
143,2025-10-12,2,195,27,10,5,5814.0,788.2
144,2026-03-04,9,94,13,2,20,1429.92,433.0
145,2025-07-20,5,86,6,9,0,5689.44,1898.01
146,2025-11-07,2,69,30,7,0,5878.6,789.74
147,2026-01-26,8,132,31,7,5,1878.29,885.92
148,2025-09-02,9,34,13,9,0,8043.3,1948.5
149,2025-08-28,7,134,14,4,20,1968.96,623.36
150,2025-09-14,3,147,7,7,20,1256.64,628.88
151,2025-12-13,1,107,48,10,15,1493.41,441.6
152,2026-03-24,2,30,46,5,5,3068.5,564.1
153,2025-04-13,10,8,1,9,15,2659.14,913.86
154,2026-02-05,8,81,16,5,0,1479.5,700.05
155,2025-10-17,7,173,13,4,5,2004.12,271.76
156,2026-01-28,7,27,12,10,15,4233.85,386.4
157,2025-10-20,2,164,48,6,10,3121.2,268.92
158,2025-04-09,9,147,23,8,15,8102.88,4115.2
159,2025-11-12,9,135,4,4,5,5886.5,2057.6
160,2025-11-28,9,69,8,8,0,9810.84,2129.2
161,2026-01-06,1,37,11,2,10,300.51,151.92
162,2025-06-03,10,169,23,9,0,2730.24,1198.26
163,2025-03-27,2,181,15,6,15,3121.2,472.92
164,2025-11-03,3,5,2,4,5,831.4,134.96
165,2025-04-26,9,170,43,4,20,2700.96,667.4
166,2025-05-17,7,14,22,3,20,1687.68,731.22
167,2025-07-31,9,175,39,1,10,857.95,514.4
168,2025-04-13,6,120,2,8,10,1477.44,659.36
169,2026-02-18,8,116,43,2,5,434.44,145.52
170,2025-05-20,10,21,25,7,10,2090.34,600.18
171,2026-02-20,10,45,20,20,10,5119.2,766.8
172,2025-07-04,4,33,4,8,5,6821.76,5080.72
173,2026-03-04,2,176,14,4,10,2570.4,723.28
174,2025-07-23,8,110,44,1,20,206.59,166.91
175,2026-01-04,9,106,22,7,20,6672.96,3600.8
176,2025-12-29,9,200,8,3,20,2943.25,798.45
177,2025-04-15,10,67,38,8,20,1820.16,306.72
178,2026-03-20,3,142,40,9,10,1438.96,387.81
179,2025-06-29,5,136,25,2,10,1327.54,685.18
180,2026-02-03,8,168,46,3,15,651.65,298.98
181,2025-04-15,1,195,6,9,5,1223.5,468.99
182,2025-06-16,8,118,13,10,0,1936.8,862.1
183,2025-09-30,10,80,24,8,5,2881.92,1065.12
184,2025-06-18,9,32,40,9,0,6792.12,2395.35
185,2025-06-22,10,129,48,9,10,1740.53,202.86
186,2025-06-29,10,76,29,3,0,644.64,67.62
187,2025-04-26,7,143,12,8,15,3387.08,309.12
188,2025-12-27,2,129,48,4,10,2705.04,179.28
189,2026-03-06,3,193,12,9,15,1215.97,219.51
190,2026-01-05,4,80,7,4,10,4039.2,2540.36
191,2026-03-25,6,200,36,8,20,1386.24,750.56
192,2026-03-05,7,148,33,5,20,2461.2,779.2
193,2025-05-27,3,197,35,5,20,635.8,121.95
194,2025-10-06,10,21,34,6,0,1990.8,514.44
195,2026-03-26,10,141,40,2,10,540.36,108.28
196,2025-04-22,4,179,9,3,20,2019.6,1063.77
197,2025-07-13,10,49,21,7,10,1672.27,600.18
198,2026-03-21,9,29,34,4,0,4170.6,1461.8
199,2025-10-18,5,189,34,7,20,5162.64,2398.13
200,2025-06-12,7,121,40,6,10,2404.94,583.44
201,2025-08-31,1,96,12,8,20,864.96,353.28
202,2025-06-22,8,198,26,1,15,173.77,99.66
203,2026-01-16,9,62,49,7,15,6499.19,2905.7
204,2025-05-03,1,157,15,10,10,1287.9,521.1
205,2025-06-23,6,96,48,10,10,1395.36,710.2
206,2025-09-30,3,93,30,8,15,1208.02,344.72
207,2025-06-19,2,41,50,6,5,2945.76,676.92
208,2025-09-04,3,136,34,7,15,1168.28,432.53
209,2025-09-13,8,76,35,-9,0,-2057.85,-654.84
210,2025-09-13,7,69,26,10,20,4453.6,972.4
211,2025-06-27,3,164,45,8,10,915.55,195.12
212,2026-03-06,2,106,23,5,5,3876.0,1414.1
213,2025-11-25,3,105,36,8,15,1570.43,344.72
214,2025-03-31,8,37,11,7,5,1878.29,885.92
215,2025-10-31,8,93,8,7,0,1788.85,697.62
216,2025-12-10,10,183,31,8,20,2760.58,685.92
217,2025-06-01,10,37,31,10,15,2256.24,857.4
218,2025-11-15,8,119,28,1,10,283.26,86.21
219,2025-12-12,5,114,33,10,20,9587.76,3425.9
220,2026-01-17,2,141,26,1,0,646.0,112.82
221,2025-07-09,10,117,11,7,0,1858.08,600.18
222,2026-01-03,1,99,20,8,15,973.08,416.88
223,2025-09-18,8,40,8,1,0,255.55,99.66
224,2025-08-01,3,133,40,7,0,1243.55,301.63
225,2025-05-30,3,78,36,4,10,639.54,172.36
226,2025-11-20,5,88,43,-6,15,-4947.97,-1001.94
227,2025-12-27,9,69,17,7,0,8584.48,1863.05
228,2026-01-17,10,107,48,7,0,1880.2,157.78
229,2025-05-13,3,169,22,2,15,381.48,179.68
230,2025-08-19,8,120,2,1,20,193.68,86.21
231,2026-03-04,7,190,26,1,5,528.86,97.24
232,2025-06-25,2,124,10,4,0,1849.6,179.28
233,2025-08-31,3,26,7,1,20,179.52,89.84
234,2026-02-10,10,40,50,4,15,1020.68,216.56
235,2025-07-20,4,105,17,1,10,639.54,401.34
236,2026-01-30,9,105,8,3,0,2830.05,798.45
237,2025-08-11,1,170,48,3,0,405.45,132.48
238,2025-05-25,9,59,28,2,20,1429.92,433.0
239,2025-07-26,2,102,30,4,10,1860.48,451.28
240,2025-12-15,2,42,4,5,15,4508.4,1414.1
241,2025-09-27,5,52,1,3,20,2317.92,1159.47
242,2025-07-01,9,134,33,10,0,8341.2,3654.5
243,2025-06-24,3,141,8,3,5,405.04,129.27
244,2025-04-06,9,137,44,2,10,2144.88,1028.8
245,2025-06-24,2,151,40,1,15,439.28,112.82
246,2026-01-27,7,49,31,10,0,6153.0,1558.4
247,2025-04-14,4,80,23,7,5,7461.3,4445.63
248,2025-04-03,6,9,47,2,20,401.28,256.04
249,2025-09-07,7,140,23,4,0,2812.8,974.96
250,2025-08-23,3,23,30,5,0,888.25,215.45
251,2025-09-16,2,70,18,2,20,1196.8,429.64
252,2025-11-13,2,90,1,-1,0,-972.4,-214.82
253,2025-06-16,1,3,7,9,20,1099.01,898.29
254,2025-12-20,3,110,23,6,20,1400.26,539.04
255,2025-10-09,5,80,22,9,10,8534.16,4268.61
256,2026-01-15,8,60,38,1,10,217.89,86.21
257,2025-09-20,4,77,21,8,5,7461.3,3958.72
258,2025-05-23,4,5,27,7,15,5006.92,2482.13
259,2026-03-26,7,172,26,8,10,4008.24,777.92
260,2025-05-19,2,117,25,7,20,3998.4,1265.74
261,2025-07-13,8,102,8,45,10,8279.82,4484.7
262,2025-06-10,3,191,50,-10,15,-1208.02,-430.9
263,2025-11-14,3,146,22,8,20,1867.01,718.72
264,2025-12-11,5,136,25,7,0,8389.29,2398.13
265,2026-01-19,1,11,45,5,10,608.18,220.8
266,2026-02-28,4,3,39,4,15,3814.8,2540.36
267,2025-10-06,10,6,10,5,0,1343.0,112.7
268,2025-12-31,9,42,22,4,20,4957.06,2057.6
269,2025-05-26,9,167,21,10,10,9383.85,3654.5
270,2026-01-28,10,10,17,7,20,1681.12,378.98
271,2025-08-15,2,23,40,1,0,646.0,112.82
272,2025-10-05,1,142,17,6,0,906.3,360.36
273,2025-10-05,10,86,6,8,5,2161.44,306.72
274,2025-05-18,9,172,50,6,0,5660.1,1596.9
275,2025-05-17,7,191,50,6,0,3340.2,583.44
276,2025-06-15,10,30,26,10,20,1921.28,541.4
277,2025-09-12,3,1,5,9,10,1666.17,640.26
278,2025-05-30,8,17,39,9,20,2324.16,1502.19
279,2025-06-28,4,85,48,2,5,1208.02,615.68
280,2025-09-12,1,173,9,-7,10,-901.53,-364.77
281,2025-07-15,10,14,7,9,10,2457.22,1198.26
282,2025-09-05,4,81,19,8,10,7405.2,4332.72
283,2025-09-17,6,72,50,8,0,1732.8,750.56
284,2025-09-14,3,102,50,2,20,284.24,86.18
285,2025-09-08,9,98,13,4,5,3396.06,866.0
286,2025-07-26,8,72,46,4,0,817.76,398.64
287,2025-09-21,3,70,42,10,20,1645.6,711.4
288,2025-12-09,3,96,35,8,5,1570.43,195.12
289,2025-05-27,8,116,43,9,0,2057.85,654.84
290,2025-05-21,6,44,9,7,10,1292.76,576.94
291,2025-04-25,3,24,36,6,0,1065.9,258.54
292,2025-11-05,5,134,21,8,10,8628.98,2740.72
293,2025-06-01,9,75,20,5,15,3038.58,1082.5
294,2025-11-04,6,119,28,4,20,853.63,329.68
295,2025-06-23,5,88,48,4,10,2149.34,667.96
296,2026-03-16,9,1,1,2,15,1856.91,830.2
297,2026-03-17,9,24,30,3,15,2405.54,798.45
298,2025-07-06,6,39,23,4,15,744.19,603.28
299,2025-05-21,8,122,15,5,0,1210.5,431.05
300,2025-11-23,1,153,24,9,20,1785.89,898.29
301,2025-12-19,6,58,16,5,0,1630.2,640.1
302,2025-04-29,8,125,40,4,0,1022.2,398.64
303,2025-12-29,3,151,17,4,5,877.59,172.36
304,2026-02-20,7,13,33,3,5,1753.6,467.52
305,2025-10-19,4,146,22,1,10,1009.8,635.09
306,2025-04-26,4,72,46,3,20,2131.8,1204.02
307,2025-05-31,2,3,22,1,5,775.2,282.82
308,2025-10-28,7,112,35,9,20,3586.32,347.76
309,2025-10-19,9,146,23,3,5,3396.06,1543.2
310,2026-02-01,4,64,32,2,0,2057.0,1083.18
311,2026-01-31,4,119,13,10,20,6732.0,3545.9
312,2025-05-31,5,69,40,8,20,5338.24,2038.32
313,2026-03-19,4,111,5,8,0,8228.0,4332.72
314,2025-06-15,7,42,23,3,0,1687.68,731.22
315,2025-11-10,3,57,10,5,10,929.86,121.95
316,2025-10-20,2,19,19,2,15,1271.6,429.64
317,2026-02-10,5,118,27,7,10,4978.26,1476.23
318,2025-05-25,8,42,7,10,15,2743.8,1669.1
319,2025-11-30,10,182,47,1,0,451.88,101.54
320,2025-12-03,7,54,49,3,5,2388.24,555.42
321,2025-06-23,3,18,37,5,10,740.52,355.7
322,2025-11-26,10,121,8,-4,5,-1482.99,-216.56
323,2025-12-11,8,193,45,9,20,2140.16,654.84
324,2025-04-14,3,143,45,10,5,1510.02,243.9
325,2025-11-06,5,163,7,10,15,11642.28,4742.9
326,2025-07-15,5,107,35,9,5,5104.69,1502.91
327,2026-03-15,9,39,4,8,15,8102.88,4115.2
328,2025-09-13,4,17,7,5,10,5049.0,3175.45
329,2025-08-31,9,176,31,7,10,6568.7,2558.15
330,2025-07-28,9,199,43,10,15,5739.54,1668.5
331,2025-07-16,8,117,31,1,0,225.96,126.56
332,2025-10-11,7,123,21,-2,10,-1107.54,-311.68
333,2025-11-17,4,141,8,4,0,4618.9,1605.36
334,2025-06-10,1,163,39,2,5,290.02,199.62
335,2025-07-12,3,74,45,4,20,406.91,97.56
336,2025-08-21,6,3,4,9,5,2339.28,1357.38
337,2025-11-01,1,38,37,3,20,545.69,251.73
338,2025-08-22,7,41,50,7,0,3896.9,680.68
339,2026-03-12,3,73,16,10,10,1851.3,711.4
340,2025-12-16,3,169,4,5,20,1166.88,449.2
341,2025-06-28,8,98,9,4,5,735.98,344.84
342,2025-06-26,5,108,20,5,5,3002.76,1054.45
343,2025-06-01,9,151,17,2,5,1433.89,532.3
344,2026-03-11,7,158,37,5,0,3223.0,925.7
345,2025-08-15,7,131,18,4,20,2062.72,740.56
346,2026-02-27,6,55,39,2,20,437.76,301.64
347,2025-05-28,3,197,45,4,20,508.64,97.56
348,2025-08-27,1,160,10,5,20,540.6,220.8
349,2025-11-19,4,141,26,2,15,1963.03,802.68
350,2026-03-25,8,64,3,3,10,798.93,420.03
351,2025-09-14,2,90,32,10,5,7106.0,2148.2
352,2026-03-16,2,190,40,5,20,2584.0,564.1
353,2026-02-25,4,36,42,2,10,1851.3,1083.18
354,2025-08-16,10,124,10,5,20,1074.4,112.7
355,2025-08-12,3,129,41,5,10,715.28,121.95
356,2025-11-13,5,165,33,9,0,10786.23,3083.31
357,2025-08-10,9,136,33,8,15,7090.02,2923.6
358,2026-01-13,7,10,40,10,15,4731.95,972.4
359,2026-01-23,7,200,46,7,15,3312.36,680.68
360,2026-02-03,3,198,8,10,20,1421.2,430.9
361,2025-09-11,6,3,7,1,10,246.24,150.82
362,2026-03-15,7,159,23,4,10,2531.52,974.96
363,2025-04-11,10,86,2,10,15,2417.4,383.4
364,2025-09-13,8,190,46,5,10,1149.98,498.3
365,2025-11-08,6,99,13,1,15,226.75,82.42
366,2025-08-23,7,41,40,8,0,4453.6,777.92
367,2025-09-23,3,140,44,8,5,1705.44,718.72
368,2026-03-05,9,35,35,3,20,2025.72,500.55
369,2025-09-11,7,114,14,7,20,3445.68,1090.88
370,2025-09-06,3,76,43,2,5,302.0,48.78
371,2026-01-09,9,54,49,6,15,5570.73,2490.6
372,2025-11-04,7,193,45,6,15,3302.4,231.84
373,2025-12-28,10,116,43,2,10,628.52,45.08
374,2025-09-26,1,54,47,6,10,944.46,503.46
375,2025-09-13,9,170,35,8,5,6414.78,1334.8
376,2025-05-16,8,145,21,7,15,1680.58,885.92
377,2026-02-08,6,73,18,1,0,250.8,128.02
378,2025-05-16,8,113,7,2,20,516.48,333.82
379,2025-11-05,2,169,44,5,20,4243.2,1414.1
380,2026-01-17,9,32,30,2,20,1509.36,532.3
381,2025-12-11,2,160,45,9,5,6424.47,403.38
382,2025-12-23,3,28,22,9,0,2625.48,808.56
383,2025-08-18,7,110,23,7,10,4430.16,1706.18
384,2025-06-08,2,149,36,4,5,1963.84,451.28
385,2026-01-12,8,84,1,6,15,1509.09,840.06
386,2025-12-11,5,128,14,8,20,7670.21,2740.72
387,2025-07-31,5,61,40,1,15,567.19,254.79
388,2025-04-03,10,122,20,5,10,1279.8,191.7
389,2026-02-26,9,147,23,3,15,3038.58,1543.2
390,2025-03-27,3,182,18,8,10,1481.04,569.12
391,2025-04-17,5,8,37,2,5,1835.02,772.98
392,2025-03-28,8,46,45,10,20,1829.2,727.6
393,2025-04-30,7,122,9,3,5,1503.09,203.82
394,2025-06-15,9,72,50,9,5,6452.51,2395.35
395,2025-07-20,5,18,1,9,5,6606.07,3478.41
396,2025-09-14,8,105,8,2,10,459.99,199.32
397,2025-12-23,3,161,28,2,15,371.94,67.48
398,2025-07-23,8,157,2,2,10,348.62,172.42
399,2025-05-20,9,26,24,8,10,8579.52,4115.2
400,2026-02-10,3,75,13,9,15,1287.5,303.66
401,2025-09-24,5,199,10,7,20,4179.28,1168.93
402,2025-04-23,5,108,27,8,0,6321.6,1687.12
403,2025-09-27,2,196,21,8,10,5140.8,1446.56
404,2025-06-30,8,135,22,3,0,774.72,500.73
405,2025-04-27,2,41,30,4,10,2325.6,451.28
406,2025-06-06,9,129,43,9,5,5773.3,1501.65
407,2025-07-31,4,35,35,2,20,1017.28,615.68
408,2025-10-13,2,53,14,7,20,3998.4,1265.74
409,2025-06-05,5,17,24,9,5,7206.62,4268.61
410,2025-09-29,2,171,17,1,5,613.7,112.82
411,2025-09-12,8,69,36,5,0,1277.75,498.3
412,2025-11-15,10,6,12,10,0,3491.8,225.4
413,2025-09-10,2,13,34,3,15,1820.7,542.46
414,2025-09-04,7,177,49,9,5,5511.33,1666.26
415,2025-10-27,5,133,40,6,5,4754.37,1528.74
416,2025-10-13,1,47,33,9,5,1427.42,683.64
417,2025-06-23,6,141,50,7,20,970.37,656.74
418,2025-06-09,7,34,9,6,5,2404.94,407.64
419,2025-09-16,5,179,15,4,5,3002.76,843.56
420,2025-05-19,5,133,36,7,15,4962.89,1783.53
421,2026-03-06,3,162,34,7,15,1168.28,432.53
422,2026-03-13,6,122,28,6,10,1108.08,494.52
423,2025-06-28,1,55,22,-7,15,-908.21,-698.67
424,2026-03-24,9,39,7,3,5,3396.06,1543.2
425,2025-10-02,7,45,28,1,15,448.29,67.94
426,2025-07-30,2,136,25,9,0,5140.8,1627.38
427,2026-03-20,8,88,10,6,20,1097.52,436.56
428,2026-01-22,3,130,35,8,0,1271.6,195.12
429,2025-03-28,1,121,46,9,0,1359.45,540.54
430,2025-05-13,7,120,13,1,20,421.92,67.94
431,2026-02-24,3,35,41,7,15,945.75,170.73
432,2025-07-31,3,4,3,2,15,279.75,142.28
433,2025-05-28,6,18,19,5,20,1003.2,640.1
434,2025-12-17,5,196,21,10,20,9587.76,3425.9
435,2025-09-15,7,149,30,2,0,1113.4,194.48
436,2025-10-24,9,42,23,9,5,10188.18,4629.6
437,2026-01-01,3,8,42,6,15,1049.07,426.84
438,2025-04-03,8,133,26,9,15,1954.96,896.94
439,2026-03-16,10,200,40,10,0,3002.0,541.4
440,2025-09-17,6,77,34,4,10,861.84,466.48
441,2025-10-28,7,43,25,4,0,2461.2,623.36
442,2025-09-18,9,19,47,7,0,7646.1,2905.7
443,2025-09-25,10,73,19,2,5,660.44,203.08
444,2025-08-23,9,165,21,3,10,2815.16,1096.35
445,2025-06-28,7,115,35,1,5,378.56,38.64
446,2026-02-25,2,68,36,6,15,3294.6,676.92
447,2026-01-14,2,111,5,5,0,3740.0,1074.1
448,2025-06-07,5,146,7,6,0,5057.28,2845.74
449,2025-09-02,10,89,24,3,0,1137.6,399.42
450,2025-11-07,9,104,4,9,5,13244.63,4629.6
451,2025-10-15,4,84,19,10,5,9770.75,5415.9
452,2025-12-16,1,53,31,3,5,618.55,227.88
453,2025-08-09,5,22,43,2,15,1268.71,333.98
454,2026-01-06,1,132,11,7,10,1051.79,531.72
455,2025-04-21,5,70,3,4,5,3670.04,1545.96
456,2025-08-01,4,171,26,10,0,8882.5,4013.4
457,2025-08-24,8,116,10,4,20,731.68,291.04
458,2025-07-03,9,82,1,5,10,3932.28,2075.5
459,2025-07-06,1,109,18,5,0,699.6,419.55
460,2025-06-20,5,17,44,8,20,5394.43,3794.32
461,2025-04-06,5,2,14,9,5,7882.24,3083.31
462,2025-08-26,6,47,31,2,20,383.04,233.24
463,2025-04-06,9,163,4,6,0,7149.6,3086.4
464,2026-02-13,5,139,15,5,10,3555.9,1054.45
465,2025-06-04,5,37,14,5,10,3318.84,1712.95
466,2026-01-29,8,1,19,5,20,1183.6,700.05
467,2025-06-12,6,69,50,7,0,1212.96,656.74
468,2025-09-20,2,149,17,2,20,1033.6,225.64
469,2025-05-28,6,60,20,7,15,1220.94,576.94
470,2026-01-09,5,92,26,6,20,4003.68,1528.74
471,2025-07-05,3,6,29,5,20,508.64,121.95
472,2025-07-29,5,196,25,1,10,663.77,342.59
473,2026-02-19,2,158,42,5,15,3179.0,1074.1
474,2025-11-11,3,162,25,10,5,2424.92,617.9
475,2025-08-12,4,103,18,10,10,9256.5,5415.9
476,2026-03-12,9,8,5,5,0,5461.5,2075.5
477,2025-09-25,4,130,43,10,15,6755.38,3078.4
478,2026-01-07,10,197,48,4,5,1020.68,90.16
479,2025-10-18,1,187,27,10,10,1287.9,521.1
480,2025-04-19,9,94,38,3,10,2412.99,649.5
481,2026-02-26,10,69,50,1,5,285.19,54.14
482,2025-07-07,9,26,23,8,0,7626.24,4115.2
483,2025-12-08,2,200,30,10,5,7978.1,1128.2
484,2025-06-20,8,149,40,3,5,582.65,298.98
485,2025-05-26,6,168,8,5,0,1083.0,469.1
486,2026-01-08,6,138,43,7,15,1153.11,497.14
487,2025-10-25,2,108,20,4,0,2448.0,315.28
488,2025-05-23,10,166,34,9,20,2388.96,771.66
489,2025-06-01,9,144,48,9,15,5165.59,1501.65
490,2026-01-01,3,22,48,5,20,635.8,121.95
491,2025-09-02,2,67,2,5,15,2601.0,394.1
492,2026-02-05,5,127,27,5,20,3160.8,1054.45
493,2025-09-08,5,192,7,2,0,2107.2,948.58
494,2025-10-24,7,195,38,2,10,949.32,135.88
495,2025-04-13,6,10,17,4,5,823.08,375.28
496,2026-03-16,9,151,17,9,5,8065.64,2395.35
497,2026-02-26,5,39,22,2,0,2107.2,948.58
498,2026-02-07,2,172,50,1,10,581.4,112.82
499,2025-07-20,7,57,12,9,20,2869.06,347.76
500,2025-08-19,1,160,45,8,5,1027.14,353.28
501,2026-01-13,7,34,6,5,20,2109.6,339.7
502,2025-07-31,9,180,26,7,10,4754.48,1863.05
503,2025-09-18,5,76,10,2,20,1194.08,333.98
504,2025-10-08,1,115,12,8,15,919.02,353.28
505,2026-02-25,7,51,22,10,20,5625.6,2437.4
506,2026-01-27,7,84,18,6,15,3287.46,1110.84
507,2025-07-03,7,42,22,4,10,2025.22,974.96
508,2025-03-31,8,71,23,8,15,2195.04,1335.28
509,2025-08-31,5,180,36,7,20,4670.96,1783.53
510,2025-07-20,5,111,32,3,10,2086.13,1159.47
511,2025-05-29,1,196,11,1,0,166.95,75.96
512,2025-06-09,7,3,7,8,0,4500.48,1949.92
513,2025-06-24,8,186,10,2,10,329.26,145.52
514,2025-11-21,2,183,11,9,10,7518.42,1627.38
515,2025-07-02,6,19,49,7,15,1193.81,896.14
516,2026-02-15,1,181,13,6,20,686.88,312.66
517,2025-08-18,7,122,2,7,5,3507.21,475.58
518,2025-08-03,10,133,46,3,15,765.51,162.42
519,2025-06-21,5,193,41,2,20,955.26,333.98
520,2026-01-04,4,152,33,10,15,8344.88,4948.4
521,2026-01-11,6,165,33,5,10,1077.3,583.1
522,2025-08-18,5,70,47,6,20,4635.84,2318.94
523,2025-05-30,10,172,26,8,20,1921.28,433.12
524,2025-05-20,4,12,48,4,10,2861.1,1231.36
525,2025-12-09,10,88,41,2,0,698.36,45.08
526,2025-07-29,3,19,32,9,15,1258.88,640.26
527,2025-05-23,1,77,34,1,15,141.91,75.96
528,2025-08-18,1,93,30,5,15,641.96,300.3
529,2025-07-24,10,118,13,2,0,455.04,76.68
530,2025-07-06,5,26,4,2,20,1348.61,948.58
531,2025-10-05,7,20,23,10,0,7032.0,2437.4
532,2025-08-25,1,7,42,-1,10,-157.41,-83.91
533,2025-05-14,8,105,36,20,20,4088.8,1993.2
534,2025-10-02,9,184,45,10,15,7174.42,1668.5
535,2025-10-03,4,178,39,2,10,2019.6,1270.18
536,2025-05-07,9,145,33,4,0,4170.6,1461.8
537,2025-12-20,8,37,33,4,20,1174.99,506.24
538,2025-10-07,2,23,36,6,5,3682.2,676.92
539,2025-11-27,6,80,23,10,20,2845.44,1508.2
540,2026-02-18,3,97,47,5,10,925.65,355.7
541,2025-10-18,2,190,30,3,0,1938.0,338.46
542,2026-03-07,6,3,39,5,20,1094.4,754.1
543,2025-09-27,10,62,16,2,5,660.44,203.08
544,2025-12-12,6,157,13,3,10,720.25,247.26
545,2025-10-16,5,189,25,6,10,4978.26,2055.54
546,2026-01-05,10,91,22,10,0,3792.0,1331.4
547,2025-11-01,10,79,48,1,10,314.26,22.54
548,2025-12-30,5,100,44,5,0,6848.4,2371.45
549,2026-01-30,5,170,12,3,10,2015.01,500.97
550,2025-12-05,2,23,8,9,15,6424.47,1015.38
551,2026-01-25,9,107,48,2,0,1688.1,333.7
552,2025-06-29,5,27,45,8,5,4537.5,1335.92
553,2025-04-18,9,9,37,9,20,7864.56,3735.9
554,2025-11-06,8,93,8,-2,0,-664.43,-199.32
555,2025-08-17,3,14,23,9,15,1716.66,808.56
556,2025-08-11,6,195,6,10,10,1846.8,824.2
557,2025-09-21,4,100,39,9,15,8583.3,5715.81
558,2025-08-13,9,174,38,8,0,7149.6,1732.0
559,2025-07-03,2,113,23,1,0,652.8,282.82
560,2025-06-04,5,79,10,7,15,3552.39,1168.93
561,2025-12-14,3,101,36,2,10,415.7,86.18
562,2026-02-28,10,91,23,8,0,3033.6,1065.12
563,2025-05-03,8,143,45,2,15,388.7,145.52
564,2025-03-29,2,125,40,10,15,5491.0,1128.2
565,2025-10-31,4,6,29,2,0,1589.5,615.68
566,2025-06-06,3,65,17,5,20,568.48,215.45
567,2025-11-25,10,196,33,10,0,4313.4,857.4
568,2025-07-08,8,61,50,6,20,981.31,597.96
569,2025-10-12,8,95,35,10,20,1829.2,727.6
570,2025-12-09,2,1,19,5,0,4862.0,1074.1
571,2025-03-27,9,134,11,9,15,7976.27,3289.05
572,2026-03-09,2,178,39,7,15,4855.2,1979.74
573,2025-05-17,8,139,9,2,10,435.78,172.42
574,2026-01-20,4,193,29,4,15,2702.15,1231.36
575,2025-08-08,1,109,49,8,0,1399.2,671.28
576,2025-07-03,4,157,27,7,10,4241.16,2482.13
577,2026-01-11,7,16,49,8,10,4641.12,1481.12
578,2025-04-07,10,100,24,7,0,2654.4,931.98
579,2026-01-02,4,32,36,6,20,4263.6,2408.04
580,2025-11-14,4,138,12,6,10,5579.15,1847.04
581,2025-11-20,9,2,34,6,0,8132.67,2192.7
582,2025-03-28,2,35,48,8,10,4161.6,358.56
583,2026-03-04,3,106,44,2,20,359.04,179.68
584,2025-09-02,3,28,7,2,15,381.48,179.68
585,2025-05-16,4,37,21,10,5,9326.62,4948.4
586,2025-04-26,7,58,16,3,0,1933.8,555.42
587,2026-02-08,6,32,50,1,0,216.6,93.82
588,2025-09-02,1,44,2,9,0,1287.9,468.99
589,2026-03-27,10,18,32,6,0,2085.6,609.24
590,2026-02-14,2,74,41,7,5,3843.7,313.74
591,2025-09-25,6,92,8,7,5,1440.39,656.74
592,2026-01-23,6,85,12,5,15,823.65,355.1
593,2025-07-14,2,163,24,5,20,2611.2,1414.1
594,2026-02-10,2,150,35,2,0,1156.0,89.64
595,2025-11-28,5,59,9,9,15,7858.54,1898.01
596,2025-08-19,5,123,34,3,0,2765.7,1027.77
597,2025-11-19,2,128,21,4,20,2970.24,723.28
598,2025-12-04,7,200,17,6,15,3690.92,583.44
599,2026-01-08,8,71,22,6,15,1646.28,1001.46
600,2025-07-24,2,23,26,5,20,2067.2,564.1
601,2025-03-30,8,32,40,4,10,919.98,398.64
602,2025-08-16,2,136,33,9,5,6104.7,1627.38
603,2025-11-19,2,153,4,10,0,10608.0,2828.2
604,2025-09-28,3,105,50,1,20,142.12,43.09
605,2025-11-23,4,192,22,5,0,7293.0,3175.45
606,2026-01-31,2,139,38,3,0,1836.0,236.46
607,2025-09-03,7,64,1,5,0,3223.0,925.7
608,2025-06-14,9,160,41,6,20,3241.15,1001.1
609,2025-08-28,4,160,35,3,5,2265.04,923.52
610,2026-02-10,4,31,44,10,0,11220.0,6350.9
611,2025-06-13,10,27,41,2,15,365.3,45.08
612,2025-08-23,7,66,15,1,0,527.4,67.94
613,2025-05-15,9,65,40,9,5,8065.64,2395.35
614,2026-01-23,4,92,30,7,5,5906.86,2809.38
615,2025-08-13,6,97,3,8,5,1906.08,1024.16
616,2025-12-06,8,17,22,3,15,1070.08,500.73
617,2026-02-07,4,90,42,5,20,4114.0,2707.95
618,2025-09-28,8,193,12,10,5,2172.17,727.6
619,2025-03-28,2,34,13,2,0,1224.0,157.64
620,2025-06-04,4,161,9,3,5,1918.62,1063.77
621,2025-04-06,1,193,43,10,5,1283.92,441.6
622,2026-01-19,2,51,44,2,5,1550.4,565.64
623,2025-09-20,7,8,47,8,10,4641.12,1481.12
624,2025-10-22,7,167,31,8,20,3937.92,1246.72
625,2026-01-03,10,20,4,8,0,3033.6,1065.12
626,2025-04-01,3,72,40,5,20,710.6,215.45
627,2025-09-20,6,11,10,9,20,1395.36,639.18
628,2025-08-21,4,70,5,6,5,5862.45,3249.54
629,2025-09-17,5,199,48,2,10,1343.34,333.98
630,2025-04-18,1,151,40,10,0,1510.5,600.6
631,2025-04-12,8,40,8,9,5,2184.95,896.94
632,2025-04-16,10,171,17,1,0,300.2,54.14
633,2025-06-13,2,143,41,7,0,3236.8,313.74
634,2025-08-18,9,55,39,1,20,953.28,514.4
635,2025-05-01,7,135,24,4,5,2672.16,974.96
636,2025-07-27,5,188,6,4,5,2402.21,843.56
637,2025-11-13,5,48,26,5,20,4337.32,1273.95
638,2025-10-05,7,164,29,6,5,2839.17,231.84
639,2026-01-02,5,12,48,1,20,597.04,166.99
640,2026-03-01,10,36,16,7,20,1946.56,710.78
641,2026-01-15,10,91,23,3,10,1023.84,399.42
642,2025-11-25,2,101,40,9,20,6046.56,1015.38
643,2025-11-08,3,88,43,9,15,1580.76,219.51
644,2025-11-10,6,105,50,6,20,1351.58,562.92
645,2025-11-01,2,129,45,7,0,5259.8,313.74
646,2025-10-30,9,31,44,7,20,6672.96,3600.8
647,2025-12-22,5,17,44,8,5,10409.57,3794.32
648,2025-08-03,2,181,13,6,10,3304.8,472.92
649,2025-12-15,4,169,24,7,15,8678.67,4445.63
650,2026-01-21,3,40,36,7,20,994.84,301.63
651,2025-09-22,10,174,2,5,20,1137.6,191.7
652,2025-10-01,6,152,34,7,10,1508.22,816.34
653,2025-07-08,1,50,37,6,10,755.57,503.46
654,2025-04-28,10,194,27,10,10,2559.6,383.4
655,2025-07-02,2,121,30,6,15,2635.68,676.92
656,2025-07-11,7,190,26,35,15,13249.46,3403.4
657,2025-11-12,4,81,5,4,15,4545.97,2166.36
658,2025-08-11,6,127,15,10,0,2052.0,824.2
659,2025-09-23,2,51,39,9,10,6609.6,2545.38
660,2025-05-14,3,197,43,7,10,1001.38,170.73
661,2025-12-07,7,195,38,6,15,3496.66,407.64
662,2026-01-19,5,76,29,6,20,3582.24,1001.94
663,2025-09-08,10,14,44,2,20,606.72,266.28
664,2025-09-19,4,49,14,2,10,1767.15,989.68
665,2025-10-10,6,141,8,9,10,1754.46,844.38
666,2025-05-23,6,147,44,6,0,1641.6,904.92
667,2025-07-03,5,191,17,3,15,1701.56,764.37
668,2026-01-22,5,8,42,2,15,1641.86,772.98
669,2025-06-13,9,11,41,5,0,3376.2,834.25
670,2025-07-16,7,52,42,3,10,1392.34,555.42
671,2025-11-01,10,136,11,3,5,1229.32,257.22
672,2026-01-26,6,167,11,3,15,610.47,349.86
673,2025-05-10,2,139,2,8,0,4896.0,630.56
674,2025-07-12,1,40,8,10,0,1208.4,600.6
675,2025-04-23,3,24,8,10,0,1776.5,430.9
676,2026-03-07,4,113,39,6,15,5722.2,3810.54
677,2025-05-08,4,24,50,3,0,2664.75,1204.02
678,2026-03-02,3,124,48,2,0,317.9,48.78
679,2025-05-05,6,195,27,8,5,1559.52,659.36
680,2025-09-06,3,81,37,5,20,822.8,355.7
681,2025-04-16,7,9,47,1,5,612.37,185.14
682,2025-06-08,7,40,8,9,10,3607.42,875.16
683,2025-04-13,5,180,36,5,5,3961.98,1273.95
684,2025-04-07,2,13,31,8,10,5140.8,1446.56
685,2025-05-05,9,199,48,1,10,759.64,166.85
686,2025-10-10,7,189,33,5,20,2461.2,779.2
687,2025-09-22,9,37,11,2,10,1876.77,730.9
688,2025-03-27,5,66,20,10,5,7506.9,2108.9
689,2025-03-31,4,194,15,7,20,4712.4,2482.13
690,2025-12-25,5,133,40,10,15,9216.8,2547.9
691,2026-02-09,6,187,27,1,15,174.42,82.42
692,2026-02-27,4,171,30,10,10,7994.25,4013.4
693,2025-07-17,9,162,31,6,5,4754.48,2192.7
694,2025-09-21,10,197,43,8,15,1826.48,180.32
695,2025-08-28,6,108,28,3,20,492.48,247.26
696,2026-02-22,3,34,20,8,0,1346.4,269.92
697,2025-05-15,9,61,40,6,0,5660.1,1596.9
698,2025-04-03,9,23,40,9,20,6792.12,2395.35
699,2026-03-19,10,38,42,1,15,295.46,101.54
700,2025-05-12,5,84,42,8,0,7726.4,3091.92
701,2026-02-13,2,129,45,9,0,5202.0,403.38
702,2025-12-24,4,16,32,10,5,12701.98,5415.9
703,2025-11-04,7,77,31,6,10,4319.41,935.04
704,2026-02-22,4,187,27,5,5,3997.12,1772.95
705,2025-12-06,9,150,35,35,10,34563.85,5839.75
706,2026-02-04,2,14,23,10,0,8160.0,2828.2
707,2025-05-12,5,7,37,6,15,4925.58,2318.94
708,2025-08-04,3,143,29,6,5,906.01,146.34
709,2025-07-10,4,192,23,9,15,6866.64,5715.81
710,2025-12-04,8,152,21,5,10,1652.33,632.8
711,2026-01-18,5,43,21,10,10,8297.1,3425.9
712,2025-07-20,5,19,19,6,0,4635.84,2318.94
713,2025-10-14,4,180,8,10,10,7994.25,4013.4
714,2025-08-09,3,116,35,6,0,953.7,146.34
715,2025-07-09,2,156,35,7,5,3074.96,313.74
716,2025-09-20,1,193,48,50,15,5743.88,2208.0
717,2025-10-22,1,143,41,5,5,641.96,220.8
718,2026-01-10,2,140,23,7,0,5712.0,1979.74
719,2025-07-01,1,138,12,3,20,259.49,132.48
720,2025-08-31,5,47,11,2,0,1843.8,685.18
721,2025-11-01,9,171,26,9,0,11037.2,2395.35
722,2026-03-20,7,69,46,1,5,528.86,97.24
723,2025-07-31,1,5,27,-5,5,-543.78,-260.55
724,2025-05-31,4,66,20,4,15,2861.1,1418.36
725,2025-07-28,2,166,21,8,5,4341.12,1446.56
726,2026-02-24,4,40,40,4,0,3553.0,1605.36
727,2025-07-07,3,44,20,3,5,383.72,101.22
728,2025-08-29,1,83,7,5,20,763.2,499.05
729,2025-08-24,3,189,31,9,15,1502.08,556.11
730,2025-08-06,1,2,25,9,5,1427.42,683.64
731,2025-07-21,2,65,26,6,5,2945.76,676.92
732,2025-04-20,10,102,17,3,10,810.54,162.42
733,2025-06-06,5,4,16,7,0,5408.48,2705.43
734,2026-01-04,7,94,9,3,0,1582.2,203.82
735,2025-11-01,5,48,30,10,5,10301.14,2547.9
736,2025-10-11,1,4,47,8,10,1259.28,671.28
737,2025-11-08,3,104,22,7,20,1633.63,628.88
738,2025-09-03,2,83,7,4,0,3264.0,1131.28
739,2025-05-06,6,109,47,10,5,2382.6,1280.2
740,2026-01-31,2,84,18,8,20,4787.2,1718.56
741,2025-09-21,5,76,10,9,20,5373.36,1502.91
742,2025-05-27,3,34,2,5,20,673.2,168.7
743,2025-08-26,1,30,36,4,0,604.2,240.24
744,2026-03-11,7,108,15,10,20,4219.2,679.4
745,2025-06-11,4,88,48,8,15,4323.44,2462.72
746,2026-03-07,1,99,15,7,0,1001.7,364.77
747,2025-09-14,6,106,39,9,5,2339.28,1357.38
748,2025-08-14,6,138,12,3,5,552.33,213.06
749,2025-11-21,10,93,17,10,15,3317.21,541.4
750,2025-10-18,1,177,3,5,10,787.05,419.55
751,2025-08-27,4,115,45,8,15,5404.3,2462.72
752,2025-12-06,6,82,47,9,10,2640.92,1152.18
753,2026-02-13,9,109,1,9,15,8356.1,3735.9
754,2026-03-05,2,140,7,5,0,4080.0,1414.1
755,2026-03-01,1,191,46,3,15,385.18,180.18
756,2025-03-28,10,22,10,8,15,1826.48,180.32
757,2025-04-10,7,36,18,3,0,1933.8,555.42
758,2026-02-14,3,15,4,2,20,359.04,179.68
759,2025-07-31,5,41,8,8,20,4270.59,2038.32
760,2025-07-01,7,37,11,1,5,467.63,155.84
761,2025-10-31,1,196,21,1,15,141.91,75.96
762,2026-02-01,10,27,48,9,15,2054.79,202.86
763,2025-06-05,1,11,48,4,10,389.23,176.64
764,2026-01-16,1,86,13,2,0,286.2,104.22
765,2025-04-15,5,152,31,4,20,2950.08,1370.36
766,2025-10-16,7,170,43,6,0,2988.6,231.84
767,2026-01-16,6,106,7,6,10,1477.44,904.92
768,2025-10-26,7,184,12,3,10,1344.87,115.92
769,2025-05-03,7,101,46,5,15,2365.97,486.2
770,2026-02-15,10,94,20,3,0,853.2,115.02
771,2025-07-04,9,93,40,8,5,5735.57,2129.2
772,2025-08-17,7,48,17,1,10,501.03,97.24
773,2026-02-12,6,110,23,1,10,246.24,150.82
774,2025-05-17,9,80,44,4,15,4051.44,2057.6
775,2025-10-03,6,20,23,9,0,2462.4,1357.38
776,2025-08-04,8,92,8,9,15,1954.96,896.94
777,2025-09-11,8,126,21,2,15,480.16,253.12
778,2025-06-20,8,82,37,4,0,946.88,560.04
779,2025-06-10,1,146,7,2,5,290.02,199.62
780,2026-02-22,4,159,23,4,0,4488.0,2540.36
781,2025-05-28,10,89,44,-10,10,-3412.8,-1331.4
782,2025-09-11,6,23,30,2,10,389.88,187.64
783,2025-10-27,7,19,19,8,20,4125.44,1481.12
784,2025-12-13,9,53,14,9,20,9759.2,3289.05
785,2025-10-16,9,157,6,9,0,8043.3,1948.5
786,2025-06-29,4,57,45,4,20,2034.56,1231.36
787,2026-03-02,10,186,10,5,0,1343.0,112.7
788,2025-06-27,3,172,8,1,10,127.91,43.09
789,2025-05-18,4,98,2,6,10,4544.1,2127.54
790,2025-06-29,9,84,32,10,0,8738.4,4151.0
791,2025-04-17,8,100,7,3,20,774.72,500.73
792,2025-05-10,3,154,33,9,10,1590.44,556.11
793,2025-08-13,2,110,24,2,15,1387.2,565.64
794,2025-10-22,3,78,17,9,20,1279.08,387.81
795,2025-10-27,10,77,25,9,20,2388.96,771.66
796,2025-08-19,9,43,11,1,0,1042.65,365.45
797,2025-06-09,6,67,28,8,15,1116.29,659.36
798,2025-12-04,7,174,9,7,10,4319.41,475.58
799,2025-11-25,2,177,47,5,20,3889.6,1074.1
800,2026-02-13,8,112,10,6,10,1234.71,436.56
801,2026-03-24,1,141,17,6,0,906.3,360.36
802,2025-08-26,8,33,23,2,5,613.32,333.82
803,2025-09-03,5,86,28,6,15,4030.02,1265.34
804,2025-10-31,6,136,34,1,10,215.46,116.62
805,2025-07-31,2,21,34,9,15,4369.68,1627.38
806,2025-07-29,7,89,39,3,5,1603.3,731.22
807,2025-04-06,4,181,13,8,15,5722.2,2836.72
808,2026-03-21,5,98,28,3,10,2133.54,632.67
809,2025-06-16,5,85,35,8,0,4776.32,1335.92
810,2025-07-22,9,60,20,5,0,3574.8,1082.5
811,2025-10-17,1,109,3,1,5,166.16,83.91
812,2025-10-18,3,53,25,1,15,166.9,61.79
813,2025-08-24,6,109,3,5,20,1003.2,640.1
814,2025-08-17,10,93,26,-7,0,-2101.4,-378.98
815,2025-07-19,5,49,21,8,20,4720.13,2740.72
816,2026-03-15,9,109,32,1,20,873.84,415.1
817,2026-02-08,6,28,44,5,0,1368.0,754.1
818,2026-03-23,6,55,22,-1,20,-218.88,-150.82
819,2026-01-21,5,64,19,5,10,4346.1,1932.45
820,2026-02-03,3,114,21,6,10,1060.29,370.74
821,2025-08-20,1,177,47,7,0,1224.3,587.37
822,2025-08-25,10,36,37,7,10,2189.88,710.78
823,2026-02-18,4,185,10,3,10,2145.83,923.52
824,2025-12-31,6,47,14,8,15,2116.3,932.96
825,2026-01-20,6,90,18,9,5,2144.34,1152.18
826,2025-11-21,7,52,49,2,10,1508.36,370.28
827,2025-10-13,5,83,22,2,20,1685.76,948.58
828,2025-08-05,2,103,47,10,20,5984.0,2148.2
829,2025-09-05,8,158,42,9,10,2396.79,1260.09
830,2025-05-03,5,34,38,6,5,4504.14,1265.34
831,2025-11-01,7,188,2,2,15,1165.55,135.88
832,2026-01-16,7,178,23,5,5,3340.2,1218.7
833,2025-05-26,5,30,8,8,5,6339.16,2038.32
834,2025-12-30,6,106,44,7,10,2240.78,1055.74
835,2025-10-16,5,120,2,8,15,5373.36,1687.12
836,2025-10-04,7,106,22,8,5,5344.32,1949.92
837,2025-12-08,9,116,45,6,10,5925.23,1001.1
838,2025-04-27,5,152,25,7,15,5485.31,2398.13
839,2025-11-09,2,163,44,1,0,1060.8,282.82
840,2025-06-05,8,199,10,7,15,1088.37,509.32
841,2025-08-03,7,4,37,9,10,5221.26,1666.26
842,2025-08-21,4,116,10,1,0,794.75,307.84
843,2025-11-13,1,92,50,10,15,1669.1,600.6
844,2026-02-16,9,98,28,1,10,804.33,216.5
845,2025-06-16,6,186,35,2,10,279.07,142.04
846,2025-04-16,4,13,11,6,0,5890.5,2969.04
847,2026-03-10,3,200,46,7,0,1243.55,301.63
848,2025-08-26,2,117,33,1,10,642.6,180.82
849,2025-12-03,6,111,42,3,5,929.21,384.06
850,2025-07-29,2,6,45,6,15,2358.24,268.92
851,2025-06-09,9,131,32,8,0,6990.72,3320.8
852,2025-05-02,10,54,1,10,5,3302.2,1015.4
853,2025-05-18,6,14,39,9,10,2216.16,1357.38
854,2025-12-19,10,162,11,7,5,2868.41,600.18
855,2025-12-22,3,73,16,5,0,1337.05,355.7
856,2025-10-31,9,26,23,2,0,2383.2,1028.8
857,2025-03-27,10,101,26,3,20,720.48,162.42
858,2025-07-26,1,185,48,9,5,924.43,397.44
859,2025-05-22,9,84,49,9,15,8356.1,3735.9
860,2025-05-08,2,66,9,5,20,2448.0,394.1
861,2025-05-06,10,164,12,8,0,2148.8,180.32
862,2025-09-05,5,100,44,10,15,8955.6,4742.9
863,2026-03-11,8,122,20,8,20,1549.44,689.68
864,2025-04-25,10,63,22,2,0,758.4,266.28
865,2025-07-13,1,113,39,2,15,259.49,199.62
866,2026-01-18,2,186,29,3,0,1734.0,134.46
867,2026-02-23,3,109,42,2,10,370.26,142.28
868,2025-11-26,5,45,2,30,15,26195.13,6326.7
869,2025-06-12,3,146,24,9,15,1373.33,808.56
870,2025-07-24,3,197,45,5,10,572.22,121.95
871,2025-09-02,4,121,46,3,0,2664.75,1204.02
872,2025-09-19,10,12,35,6,5,1531.02,135.24
873,2026-01-19,8,12,35,4,0,914.6,291.04
874,2025-11-02,1,199,35,4,5,667.64,176.64
875,2026-03-14,3,194,15,4,20,538.56,134.96
876,2025-07-31,8,73,1,1,0,236.72,140.01
877,2025-08-27,7,79,35,9,15,3810.46,347.76
878,2026-03-13,4,29,21,6,0,5890.5,2969.04
879,2025-07-03,9,160,41,9,15,5165.59,1501.65
880,2026-03-27,1,116,29,10,0,1351.5,441.6
881,2025-05-29,8,48,26,2,15,434.43,199.32
882,2026-03-20,7,88,29,7,15,2963.7,270.48
883,2025-09-06,8,149,26,9,5,2184.95,896.94
884,2026-01-04,1,74,35,7,5,898.75,309.12
885,2025-11-25,6,151,30,2,20,450.53,187.64
886,2026-01-27,8,142,40,6,10,1379.97,597.96
887,2025-08-01,1,19,18,8,0,1399.2,671.28
888,2026-02-24,6,40,40,9,15,1656.99,844.38
889,2026-02-24,2,145,11,3,10,1927.8,542.46
890,2026-01-17,2,169,39,10,20,6528.0,2828.2
891,2025-11-20,9,34,27,3,5,3311.16,649.5
892,2025-09-19,5,198,26,9,10,6756.21,2293.11
893,2025-07-27,10,188,6,2,20,364.03,76.68
894,2025-04-01,2,37,25,3,10,1927.8,542.46
895,2025-06-07,1,48,40,3,10,326.27,180.18
896,2025-10-09,9,185,45,6,0,5064.3,1001.1
897,2025-12-25,8,68,50,6,20,1594.63,597.96
898,2025-08-11,5,22,12,5,15,3171.78,834.95
899,2025-10-18,1,8,18,5,20,699.6,419.55
900,2025-05-07,10,80,24,9,0,3412.8,1198.26
901,2025-03-27,10,91,4,-3,15,-966.96,-399.42
902,2025-09-24,1,70,49,10,15,1486.65,839.1
903,2025-09-26,10,51,24,2,20,606.72,266.28
904,2026-02-13,6,10,17,3,0,649.8,281.46
905,2025-09-03,4,77,11,10,10,8835.75,4948.4
906,2025-11-02,4,11,12,3,15,2634.6,923.52
907,2025-06-03,4,24,8,10,0,7106.0,4013.4
908,2025-07-13,4,56,9,10,5,6395.4,3545.9
909,2025-12-11,7,99,20,1,10,617.06,67.94
910,2025-11-17,1,40,26,1,10,176.73,60.06
911,2025-05-29,2,135,39,5,20,3264.0,1414.1
912,2026-03-06,2,180,8,10,15,5491.0,1128.2
913,2025-05-28,5,93,40,10,15,7089.85,2547.9
914,2025-10-24,10,70,3,8,5,2641.76,812.32
915,2025-07-01,5,118,13,5,0,3160.8,1054.45
916,2025-09-23,5,46,41,8,0,5970.4,1335.92
917,2025-04-18,2,151,46,7,15,3843.7,789.74
918,2025-12-02,10,124,10,8,5,2653.77,180.32
919,2025-06-06,6,148,31,1,10,172.37,116.62
920,2025-10-25,5,190,26,8,15,5671.88,2038.32
921,2025-08-12,5,32,30,8,5,6339.16,2038.32
922,2025-05-30,4,174,6,4,20,2692.8,1418.36
923,2025-10-26,1,1,16,10,10,1574.1,839.1
924,2025-06-20,2,69,40,6,0,3100.8,676.92
925,2025-06-23,7,131,1,6,0,3094.08,1110.84
926,2026-02-12,2,102,30,15,20,7752.0,1692.3
927,2025-08-29,1,191,50,9,5,1291.48,540.54
928,2026-01-16,6,146,22,2,10,492.48,301.64
929,2025-05-11,10,171,30,4,20,960.64,216.56
930,2025-12-27,8,6,35,2,0,594.49,145.52
931,2025-07-08,4,8,1,8,15,5595.04,4332.72
932,2025-07-03,3,157,6,3,0,403.92,101.22
933,2026-02-15,1,153,22,1,15,162.18,99.81
934,2026-02-14,8,149,46,7,20,1431.08,697.62
935,2025-12-02,9,191,46,7,0,8584.48,1863.05
936,2026-02-27,7,1,3,3,20,1547.04,555.42
937,2026-03-14,5,106,39,10,10,9482.4,4742.9
938,2025-03-28,10,120,20,4,0,1137.6,153.36
939,2025-05-28,6,48,36,8,10,1559.52,750.56
940,2025-05-01,1,197,12,8,5,1027.14,353.28
941,2025-03-31,8,45,20,5,20,968.4,431.05
942,2025-06-13,6,66,9,1,0,164.16,82.42
943,2026-02-05,5,63,39,7,5,7006.44,3320.03
944,2026-02-13,2,101,26,8,15,4392.8,902.56
945,2025-10-19,10,196,21,4,20,1061.76,342.96
946,2025-07-16,6,60,38,6,20,787.97,494.52
947,2025-10-08,8,157,6,1,0,242.1,86.21
948,2025-08-03,1,121,40,8,0,1208.4,480.48
949,2025-10-26,3,29,33,8,15,1335.18,494.32
950,2026-03-07,3,175,44,9,20,1615.68,808.56
951,2025-06-20,2,76,48,2,20,739.84,89.64
952,2025-07-10,8,193,41,3,0,548.76,218.28
953,2026-03-06,4,143,12,6,0,4768.5,1847.04
954,2025-08-31,10,145,11,6,15,1692.18,514.44
955,2025-04-03,5,135,22,7,0,7375.2,3320.03
956,2026-01-10,6,83,24,10,5,2599.2,1508.2
957,2026-03-19,3,70,18,4,5,781.66,284.56
958,2025-07-22,7,19,42,9,10,4177.01,1666.26
959,2025-08-23,5,130,45,2,10,1343.34,333.98
960,2025-07-05,5,11,48,9,15,4567.36,1502.91
961,2026-03-26,9,198,40,9,10,7641.14,2395.35
962,2025-12-24,2,101,46,10,0,8398.0,1128.2
963,2025-10-13,9,161,27,2,20,1429.92,433.0
964,2026-02-11,4,16,19,2,5,1954.15,1083.18
965,2025-10-15,8,73,19,6,15,1509.09,840.06
966,2025-09-17,3,174,20,9,10,1363.23,303.66
967,2025-05-30,6,56,27,3,0,615.6,247.26
968,2025-11-13,7,55,23,10,0,9141.6,2437.4
969,2025-06-14,6,42,23,7,0,1532.16,1055.74
970,2025-06-19,10,131,47,1,5,264.18,101.54
971,2026-03-01,8,32,50,1,20,204.44,99.66
972,2025-08-21,1,57,43,6,20,648.72,264.96
973,2025-10-29,10,78,8,9,5,2566.71,487.26
974,2025-04-07,1,102,46,3,5,430.49,180.18
975,2025-06-21,2,195,20,9,0,4406.4,709.38
976,2025-04-13,9,136,14,6,15,5317.52,2192.7
977,2025-08-05,1,70,32,6,15,891.99,503.46
978,2025-03-30,9,85,12,7,15,5022.1,1167.95
979,2025-12-05,7,86,6,5,15,2913.88,339.7
980,2025-06-10,3,85,10,6,5,724.81,146.34
981,2025-04-02,10,170,45,9,10,2175.66,202.86
982,2025-08-14,7,70,19,8,0,5156.8,1481.12
983,2026-01-15,10,190,8,5,15,1275.85,270.7
984,2026-03-02,5,142,17,1,5,792.39,254.79
985,2025-07-22,5,167,11,6,0,4425.12,2055.54
986,2025-08-01,8,43,11,7,10,1779.44,885.92
987,2026-02-25,10,44,2,5,20,1137.6,191.7
988,2025-04-10,4,193,10,10,10,7152.75,3078.4
989,2025-12-12,10,67,13,25,10,8318.7,958.5
990,2025-10-25,7,105,26,10,5,5288.65,972.4
991,2025-12-13,6,153,24,1,10,320.11,150.82
992,2025-06-08,3,113,24,8,0,1436.16,718.72
993,2026-02-05,9,98,2,9,20,6434.64,1948.5
994,2025-11-26,1,136,11,7,10,1367.32,531.72
995,2025-07-13,10,197,43,4,15,730.59,90.16
996,2026-01-17,3,149,36,50,5,8438.38,2154.5
997,2025-06-18,3,112,45,4,10,457.78,97.56
998,2025-12-23,5,92,26,8,20,6939.71,2038.32
999,2025-09-17,10,170,43,7,0,1880.2,157.78
1000,2026-01-03,5,36,47,7,0,6760.6,2705.43
1001,2025-12-26,7,107,41,7,0,4532.71,270.48
1002,2026-03-15,1,72,26,10,15,1283.92,600.6
1003,2025-07-13,2,79,35,1,20,369.92,44.82
1004,2025-12-22,2,153,7,9,20,7637.76,2545.38
1005,2026-01-10,1,161,28,45,10,5795.55,2344.95
1006,2025-09-03,5,99,28,8,15,5373.36,1687.12
1007,2026-02-10,8,64,5,7,10,1864.17,980.07
1008,2026-02-12,5,55,44,3,10,2844.72,1422.87
1009,2025-07-27,1,103,47,9,0,1259.28,755.19
1010,2025-04-27,9,86,28,9,20,6434.64,1948.5
1011,2025-10-31,2,115,35,5,5,2745.5,224.1
1012,2025-11-09,5,129,35,8,0,7761.52,1335.92
1013,2025-06-03,9,160,48,4,15,2295.82,667.4
1014,2025-08-18,3,166,33,9,0,1767.15,556.11
1015,2026-01-11,2,187,27,4,15,2080.8,315.28
1016,2025-12-23,2,174,2,5,0,3978.0,394.1
1017,2025-04-17,1,189,34,8,0,1335.6,607.68
1018,2025-10-08,8,102,30,8,0,2044.4,797.28
1019,2025-12-08,3,112,35,9,10,1673.74,219.51
1020,2025-10-20,9,124,10,5,20,3376.2,834.25
1021,2025-05-03,10,163,7,10,20,3033.6,1331.4
1022,2025-03-31,7,9,42,7,5,4286.59,1295.98
1023,2025-06-25,7,141,40,6,5,2538.55,583.44
1024,2025-10-07,2,66,9,5,15,2601.0,394.1
1025,2025-06-14,9,55,7,5,20,3813.12,2572.0
1026,2025-05-14,9,96,45,6,15,4304.65,1001.1
1027,2025-04-25,4,58,18,5,10,4628.25,2707.95
1028,2025-08-31,10,98,2,4,0,1137.6,153.36
1029,2025-08-02,6,85,41,9,10,1569.78,639.18
1030,2025-06-16,1,172,50,9,15,924.43,540.54
1031,2025-09-14,5,66,6,3,0,2370.6,632.67
1032,2025-10-12,10,119,28,10,15,2417.4,383.4
1033,2026-01-31,8,1,19,4,0,1183.6,560.04
1034,2025-09-03,1,117,14,1,15,141.91,75.96
1035,2025-05-02,8,143,29,4,20,731.68,291.04
1036,2025-12-03,4,117,31,1,5,1212.46,494.84
1037,2025-07-25,9,24,8,7,5,5018.62,1863.05
1038,2026-03-20,5,79,35,8,5,5671.88,1335.92
1039,2025-06-20,1,190,30,3,5,344.39,180.18
1040,2025-10-24,6,55,22,9,15,2093.04,1357.38
1041,2025-04-07,4,127,6,7,10,5301.45,2482.13
1042,2025-04-09,5,66,27,8,10,5689.44,1687.12
1043,2025-12-29,7,97,42,5,0,4189.9,925.7
1044,2026-02-25,4,81,32,5,0,5142.5,2707.95
1045,2025-07-18,8,90,1,2,10,426.1,280.02
1046,2026-02-01,9,200,46,4,10,3396.06,1064.6
1047,2025-10-05,6,21,11,1,20,191.52,116.62
1048,2025-07-12,6,151,17,7,5,1152.31,656.74
1049,2025-09-04,4,65,46,1,0,888.25,401.34
1050,2025-05-07,10,119,27,8,20,1820.16,306.72
1051,2026-01-07,5,47,14,5,5,4379.02,1712.95
1052,2025-07-11,3,72,36,1,20,113.7,43.09
1053,2025-05-18,10,170,43,10,20,2148.8,225.4
1054,2025-04-15,1,140,39,2,10,343.44,199.62
1055,2025-03-27,9,32,40,5,15,4009.24,1330.75
1056,2026-01-28,8,12,45,9,0,2057.85,654.84
1057,2025-04-24,6,132,33,8,10,1723.68,932.96
1058,2025-07-16,5,200,50,9,15,5104.69,2293.11
1059,2026-03-27,7,185,48,5,20,1992.4,193.2
1060,2025-03-27,1,91,23,2,20,305.28,199.62
1061,2025-07-08,1,23,30,3,5,344.39,180.18
1062,2025-03-28,10,103,5,5,0,1738.0,507.7
1063,2025-12-20,6,190,40,1,0,281.58,93.82
1064,2026-02-28,7,129,48,-5,10,-2241.45,-193.2
1065,2026-03-23,1,87,30,20,10,2718.9,1201.2
1066,2025-05-14,3,79,12,10,0,1589.5,243.9
1067,2025-10-05,2,101,30,7,5,4295.9,789.74
1068,2025-12-07,4,86,27,6,5,6235.52,2127.54
1069,2025-08-01,9,8,42,7,15,6499.19,2905.7
1070,2025-06-05,5,133,30,3,10,1801.66,764.37
1071,2025-08-21,1,163,4,8,5,1450.08,798.48
1072,2025-09-11,6,187,9,4,10,738.72,329.68
1073,2025-12-08,5,151,26,5,10,4879.49,1273.95
1074,2025-12-11,3,93,46,4,10,831.4,172.36
1075,2026-03-05,8,54,47,5,5,1405.52,700.05
1076,2026-01-17,3,4,42,5,0,1028.5,355.7
1077,2025-05-31,4,193,43,10,10,7152.75,3078.4
1078,2025-04-16,6,171,8,5,5,1028.85,469.1
1079,2026-02-28,4,153,39,4,20,3590.4,2540.36
1080,2026-02-26,8,92,17,2,0,511.1,199.32
1081,2025-08-30,4,176,34,5,20,3927.0,2474.2
1082,2025-07-03,2,28,24,7,10,4112.64,1979.74
1083,2026-01-20,2,122,15,5,10,2754.0,394.1
1084,2026-01-04,8,153,7,5,15,1371.9,834.55
1085,2025-10-08,6,10,26,10,10,1949.4,938.2
1086,2025-08-31,3,125,40,4,15,604.01,172.36
1087,2026-03-13,3,181,15,8,10,1211.76,269.92
1088,2026-01-05,5,5,28,8,5,6005.52,1687.12
1089,2026-02-22,7,200,50,6,15,2839.17,583.44
1090,2025-08-17,10,103,1,9,20,2502.72,913.86
1091,2026-02-21,4,94,2,-9,0,-7573.5,-3191.31
1092,2025-12-19,3,86,27,4,10,787.64,134.96
1093,2026-01-16,5,19,3,2,20,1545.28,772.98
1094,2025-09-28,8,31,4,-8,20,-2065.92,-1335.28
1095,2025-09-02,2,179,6,6,0,3672.0,472.92
1096,2025-06-17,9,46,48,10,20,5401.92,1668.5
1097,2025-07-15,5,19,19,1,15,656.74,386.49
1098,2025-11-28,8,20,7,9,5,3587.92,1502.19
1099,2025-10-16,10,102,36,10,10,2701.8,541.4
1100,2025-07-21,8,165,33,3,15,576.2,379.68
1101,2025-06-23,3,72,17,6,10,767.45,258.54
1102,2025-11-24,9,54,3,8,10,10223.93,3320.8
1103,2025-06-03,4,89,44,4,10,3231.36,2540.36
1104,2026-02-20,9,54,42,8,10,7864.56,3320.8
1105,2025-04-08,4,116,35,9,15,6079.84,2770.56
1106,2025-06-11,2,109,3,1,5,568.48,214.82
1107,2026-02-18,2,24,30,3,10,1744.2,338.46
1108,2025-11-08,1,177,5,7,15,1352.85,587.37
1109,2025-08-28,6,72,40,10,15,1841.1,938.2
1110,2025-06-03,7,195,15,9,5,3607.42,611.46
1111,2025-09-25,9,144,43,5,5,4009.24,834.25
1112,2025-05-08,1,49,34,7,10,1051.79,531.72
1113,2025-06-26,6,41,50,1,20,138.62,93.82
1114,2026-01-21,6,119,27,10,5,1949.4,824.2
1115,2025-09-23,2,165,34,1,0,714.0,180.82
1116,2025-11-28,7,119,20,6,5,3908.03,407.64
1117,2025-12-02,10,3,39,9,0,4436.64,1198.26
1118,2025-03-27,2,132,25,-2,10,-1285.2,-361.64
1119,2026-02-03,6,154,11,1,10,215.46,116.62
1120,2025-10-23,5,91,22,7,0,7375.2,3320.03
1121,2025-04-08,4,162,34,3,20,2356.2,1484.52
1122,2025-11-21,8,30,30,6,15,1694.3,597.96
1123,2025-05-01,5,103,16,8,10,6953.76,3091.92
1124,2026-01-16,8,147,4,7,15,1920.66,1168.37
1125,2026-02-13,3,100,39,9,5,1918.62,808.56
1126,2026-02-05,1,43,21,-6,10,-901.53,-455.76
1127,2025-09-25,9,197,10,3,15,2152.33,500.55
1128,2026-01-25,1,85,41,7,20,756.84,309.12
1129,2025-12-09,8,96,29,3,15,757.97,218.28
1130,2025-10-19,6,147,22,1,20,218.88,150.82
1131,2025-10-02,7,157,38,5,10,2373.3,339.7
1132,2025-11-24,9,79,41,-9,20,-7900.31,-1501.65
1133,2025-07-09,10,43,11,9,15,2030.62,771.66
1134,2026-03-21,2,62,37,20,5,14212.0,4296.4
1135,2025-12-02,10,23,46,8,0,3122.08,433.12
1136,2025-09-13,8,70,37,-3,5,-843.32,-420.03
1137,2026-02-03,6,50,32,4,0,1003.2,512.08
1138,2025-03-31,9,34,28,1,0,893.7,216.5
1139,2025-08-30,4,8,37,10,0,10285.0,5415.9
1140,2025-09-09,3,154,11,4,15,667.59,247.16
1141,2025-08-25,8,193,35,2,10,411.57,145.52
1142,2025-07-22,8,132,11,10,15,1920.66,1265.6
1143,2025-05-25,2,187,13,8,0,4896.0,630.56
1144,2025-08-11,6,48,26,1,0,216.6,93.82
1145,2025-06-30,10,65,26,1,10,216.14,54.14
1146,2025-06-08,7,21,31,8,15,3347.23,1246.72
1147,2025-11-12,6,111,1,9,5,2787.64,1152.18
1148,2025-07-28,9,200,8,1,20,603.74,266.15
1149,2025-11-28,8,134,33,9,5,3139.43,1139.04
1150,2026-02-17,5,179,9,4,10,2844.72,843.56
1151,2025-12-25,7,124,29,6,0,3885.18,231.84
1152,2025-07-04,3,25,46,10,5,1350.14,430.9
1153,2025-11-09,10,175,44,4,20,1577.47,532.56
1154,2026-03-25,5,48,8,3,10,2252.07,764.37
1155,2025-10-30,5,57,48,4,15,2537.42,667.96
1156,2025-08-12,6,77,14,5,0,1197.0,583.1
1157,2025-08-16,6,200,46,1,15,184.11,93.82
1158,2025-12-04,4,119,38,10,20,8751.6,3545.9
1159,2025-12-12,7,99,6,7,15,4079.44,475.58
1160,2025-08-27,6,147,23,-8,10,-1969.92,-1206.56
1161,2025-10-12,3,127,28,6,5,959.31,202.44
1162,2025-12-22,5,116,45,45,5,41475.62,7514.55
1163,2026-02-14,9,23,8,7,10,5943.1,1863.05
1164,2025-04-17,3,100,4,3,5,639.54,269.52
1165,2026-03-22,7,69,8,7,10,3507.21,680.68
1166,2026-01-10,9,95,35,9,20,6077.16,1501.65
1167,2025-12-07,6,130,29,4,15,856.6,284.08
1168,2025-09-15,5,164,12,5,20,2985.2,834.95
1169,2025-09-26,9,35,45,8,5,6414.78,1334.8
1170,2025-08-19,2,117,31,9,10,5783.4,1627.38
1171,2025-08-25,1,36,18,7,0,1224.3,587.37
1172,2025-11-14,2,33,22,9,15,8115.12,2545.38
1173,2025-08-09,6,104,23,7,15,1627.92,1055.74
1174,2025-04-13,4,73,16,5,0,5142.5,2707.95
1175,2025-08-30,4,76,35,6,10,4291.65,1847.04
1176,2025-09-25,9,24,40,8,10,6792.12,2129.2
1177,2026-01-02,6,45,15,2,15,348.84,164.84
1178,2025-07-09,7,153,24,4,10,2025.22,974.96
1179,2025-10-09,10,75,15,5,5,1350.9,191.7
1180,2026-02-15,3,73,49,10,0,2057.0,711.4
1181,2025-04-11,10,110,22,1,20,303.36,133.14
1182,2025-04-13,5,55,24,4,10,3792.96,1897.16
1183,2026-03-10,7,151,8,-9,10,-4509.27,-875.16
1184,2025-11-27,2,109,42,8,10,7001.28,1718.56
1185,2025-04-19,10,169,4,6,20,1820.16,798.84
1186,2025-12-06,1,164,29,1,10,158.13,44.16
1187,2025-12-01,5,95,41,4,15,3298.65,667.96
1188,2026-01-10,3,35,29,8,5,1208.02,195.12
1189,2025-05-13,5,94,6,10,10,7111.8,2108.9
1190,2026-01-11,3,4,49,7,0,1439.9,497.98
1191,2025-04-12,6,150,35,9,5,1656.99,639.18
1192,2025-07-25,8,38,37,5,20,946.88,700.05
1193,2025-07-04,8,97,18,8,15,1609.7,1120.08
1194,2025-07-26,2,17,24,6,10,3525.12,1696.92
1195,2025-08-29,3,173,6,5,20,673.2,168.7
1196,2025-10-18,6,91,24,-9,0,-2462.4,-1357.38
1197,2025-08-14,8,16,47,8,15,2012.12,1120.08
1198,2025-08-19,9,98,20,8,5,6792.12,1732.0
1199,2025-07-22,9,152,31,4,10,3002.83,1461.8
1200,2026-02-25,5,18,42,6,20,4635.84,2318.94
1201,2025-08-07,4,188,27,1,20,673.2,354.59
1202,2026-02-22,1,130,10,4,10,486.54,176.64
1203,2025-11-16,1,193,43,1,5,166.91,44.16
1204,2025-08-10,2,161,27,9,0,5508.0,709.38
1205,2026-03-01,10,121,17,10,0,3002.0,541.4
1206,2026-01-04,10,86,2,25,0,7110.0,958.5
1207,2025-05-02,6,177,42,4,0,1003.2,512.08
1208,2025-10-28,8,141,50,4,15,868.87,398.64
1209,2026-01-08,4,19,16,10,10,9256.5,5415.9
1210,2025-05-14,3,34,15,8,0,1346.4,269.92
1211,2025-08-02,2,7,49,6,15,3814.8,1288.92
1212,2026-01-09,5,33,4,8,10,7585.92,3794.32
1213,2025-10-29,4,172,46,-8,5,-6750.7,-3210.72
1214,2025-11-10,8,70,42,6,15,1961.82,840.06
1215,2026-02-12,6,49,33,3,20,574.56,349.86
1216,2025-07-07,3,166,21,8,0,1256.64,494.32
1217,2025-09-01,3,94,20,9,5,1438.96,303.66
1218,2025-05-15,7,8,5,9,15,4931.19,1666.26
1219,2025-07-17,6,66,15,2,15,279.07,164.84
1220,2025-07-20,1,86,9,1,0,114.48,52.11
1221,2026-01-22,5,30,40,3,20,2001.84,764.37
1222,2025-12-16,10,135,39,2,0,985.92,266.28
1223,2025-12-22,3,94,27,1,20,175.03,33.74
1224,2026-03-08,7,188,20,-9,10,-4271.94,-611.46
1225,2025-07-17,4,157,15,6,15,3433.32,2127.54
1226,2025-06-21,9,147,44,10,0,9532.8,5144.0
1227,2025-07-04,6,142,8,8,10,1247.62,750.56
1228,2025-07-30,2,62,32,1,10,538.56,214.82
1229,2025-08-29,10,174,38,9,20,2047.68,345.06
1230,2026-03-18,10,145,11,7,20,1858.08,600.18
1231,2025-04-23,10,72,46,1,10,270.18,54.14
1232,2025-07-05,3,60,15,5,15,572.22,168.7
1233,2025-05-24,2,98,28,5,10,2754.0,394.1
1234,2025-04-26,3,160,48,9,15,1215.97,219.51
1235,2026-03-12,7,89,44,3,5,2004.12,731.22
1236,2025-10-04,10,75,9,2,5,540.36,76.68
1237,2025-10-09,7,118,28,3,20,1265.76,203.82
1238,2025-04-02,3,128,11,4,15,667.59,247.16
1239,2026-03-22,7,148,11,9,5,5260.82,1402.56
1240,2026-03-04,4,158,49,6,15,5245.35,3249.54
1241,2025-12-05,8,5,15,7,10,1982.8,603.47
1242,2026-02-27,7,83,4,6,10,3797.28,1462.44
1243,2025-04-20,7,73,5,8,10,4641.12,1481.12
1244,2025-07-31,7,43,33,4,20,1575.17,623.36
1245,2025-05-16,4,192,24,5,10,5049.0,3175.45
1246,2026-01-29,5,30,8,1,15,708.98,254.79
1247,2025-07-13,10,77,34,7,20,1486.46,600.18
1248,2025-08-19,7,59,13,7,15,3138.03,475.58
1249,2025-05-12,3,79,45,8,20,1017.28,195.12
1250,2025-07-24,2,192,44,1,10,587.52,282.82
1251,2025-08-15,2,100,7,2,20,1305.6,565.64
1252,2026-01-10,4,77,21,7,15,5841.41,3463.88
1253,2025-08-25,5,117,34,10,15,7836.15,3425.9
1254,2026-01-23,5,196,14,9,15,7052.54,3083.31
1255,2025-07-02,3,69,50,4,15,483.21,172.36
1256,2025-11-04,3,46,10,10,5,1963.03,243.9
1257,2025-10-17,8,127,6,5,0,1210.5,431.05
1258,2025-08-26,10,118,13,2,0,568.8,76.68
1259,2025-09-17,10,148,25,9,10,2687.58,771.66
1260,2026-02-19,9,168,46,1,0,943.35,266.15
1261,2025-04-19,3,133,8,6,10,959.31,258.54
1262,2025-10-19,10,187,27,4,10,1023.84,153.36
1263,2025-08-15,6,87,40,3,15,552.33,281.46
1264,2025-04-06,5,64,37,2,20,1545.28,772.98
1265,2025-05-04,6,118,13,3,0,615.6,247.26
1266,2025-06-26,9,106,22,4,5,3622.46,2057.6
1267,2025-05-31,10,9,37,7,5,2311.54,710.78
1268,2026-03-10,1,125,8,6,20,725.04,360.36
1269,2025-08-14,9,96,45,3,15,2152.33,500.55
1270,2025-05-20,4,21,21,9,10,7952.18,4453.56
1271,2025-12-09,6,107,10,1,20,201.55,71.02
1272,2025-10-10,9,196,34,7,5,6933.62,2558.15
1273,2025-06-19,9,10,50,2,15,1282.96,532.3
1274,2025-05-18,5,101,50,10,10,7506.9,2547.9
1275,2025-08-21,8,110,7,10,0,3228.0,1669.1
1276,2025-12-03,7,191,36,-6,15,-3690.92,-583.44
1277,2025-08-17,10,146,7,5,5,1801.2,665.7
1278,2025-05-08,6,76,35,8,15,1317.84,568.16
1279,2026-02-04,10,156,10,6,20,1289.28,135.24
1280,2025-10-09,9,103,42,7,15,6499.19,2905.7
1281,2025-06-15,1,123,25,3,5,380.65,227.88
1282,2026-01-05,7,87,40,7,15,3312.36,680.68
1283,2025-08-27,2,103,18,10,20,5984.0,2148.2
1284,2025-08-12,9,135,7,-4,5,-4528.08,-2057.6
1285,2025-11-13,9,100,39,2,20,2478.53,1028.8
1286,2026-01-07,3,106,22,3,5,639.54,269.52
1287,2026-01-30,9,84,47,3,0,3276.9,1245.3
1288,2025-08-02,1,194,28,6,10,772.74,312.66
1289,2025-06-05,8,148,33,2,10,406.73,253.12
1290,2025-10-01,3,189,31,1,10,176.72,61.79
1291,2025-05-06,8,43,33,8,20,1807.68,1012.48
1292,2025-06-01,6,112,35,5,0,775.2,355.1
1293,2026-02-13,7,76,35,3,0,1494.3,115.92
1294,2025-04-29,10,119,9,3,5,810.54,115.02
1295,2025-09-19,5,71,23,8,10,7585.92,3794.32
1296,2025-11-04,5,15,39,9,20,9861.7,4268.61
1297,2026-01-16,5,94,6,7,15,4701.69,1476.23
1298,2025-06-20,9,106,24,1,10,857.95,514.4
1299,2025-12-14,4,119,9,6,0,6563.7,2127.54
1300,2025-04-17,4,95,29,2,0,1589.5,615.68
1301,2025-10-10,6,109,5,10,5,2382.6,1280.2
1302,2025-10-28,4,117,33,7,20,5497.8,3463.88
1303,2025-08-12,2,96,48,5,20,2312.0,224.1
1304,2025-05-18,2,147,44,7,20,4569.6,1979.74
1305,2025-09-18,5,16,5,9,15,7388.37,3478.41
1306,2026-01-21,6,122,28,10,5,1949.4,824.2
1307,2025-12-04,7,17,23,3,0,2742.48,731.22
1308,2026-03-21,1,195,6,3,20,343.44,156.33
1309,2025-07-29,7,138,12,5,5,1892.78,193.2
1310,2025-09-11,7,26,24,5,5,3340.2,1218.7
1311,2025-06-15,9,152,21,3,15,2127.01,1096.35
1312,2025-10-12,8,18,3,3,0,887.7,420.03
1313,2025-07-28,5,14,23,5,20,3371.52,2371.45
1314,2025-09-02,2,161,27,5,0,3060.0,394.1
1315,2026-02-22,10,84,47,2,10,625.68,203.08
1316,2025-03-27,8,4,42,5,20,1183.6,700.05
1317,2025-08-21,6,147,44,8,0,2188.8,1206.56
1318,2026-02-21,10,98,6,10,15,2417.4,383.4
1319,2025-05-07,3,8,19,8,0,1645.6,569.12
1320,2025-04-18,9,174,27,3,0,2681.1,649.5
1321,2025-06-24,1,142,40,1,15,102.71,60.06
1322,2025-05-07,7,113,7,6,20,3375.36,1462.44
1323,2025-05-16,8,76,35,7,15,1360.47,509.32
1324,2025-04-20,3,88,35,8,5,1208.02,195.12
1325,2026-02-22,4,38,18,7,20,5759.6,3791.13
1326,2025-11-24,5,160,10,3,20,2328.46,500.97
1327,2025-08-26,5,114,14,6,20,4425.12,2055.54
1328,2025-12-10,10,19,49,4,5,1717.14,406.16
1329,2025-08-01,10,186,29,6,15,1369.86,135.24
1330,2025-04-23,2,125,17,7,15,3843.7,789.74
1331,2025-05-31,7,10,17,5,15,2365.97,486.2
1332,2025-06-30,5,128,21,10,15,6268.92,3425.9
1333,2025-07-31,6,14,7,6,0,1313.28,904.92
1334,2026-01-19,1,181,9,5,15,608.17,260.55
1335,2025-06-25,7,115,43,6,15,2032.25,231.84
1336,2025-10-01,3,164,29,10,5,1510.02,243.9
1337,2025-08-17,4,43,11,10,10,8835.75,4948.4
1338,2025-08-10,8,54,37,3,10,798.93,420.03
1339,2025-08-12,1,75,28,1,0,143.1,52.11
1340,2026-03-16,6,48,26,4,0,866.4,375.28
1341,2025-08-01,9,47,14,5,10,4691.92,1827.25
1342,2025-08-31,3,42,4,7,5,1492.26,628.88
1343,2025-08-08,6,97,49,3,5,714.78,384.06
1344,2025-10-17,2,110,7,4,0,3264.0,1131.28
1345,2025-12-13,1,101,8,3,15,500.73,180.18
1346,2025-04-06,6,16,5,7,0,1755.6,896.14
1347,2025-08-01,5,39,39,8,20,6743.04,3794.32
1348,2026-01-15,6,114,11,8,20,1532.16,932.96
1349,2025-11-21,7,14,7,7,20,5119.3,1706.18
1350,2025-10-10,5,156,48,9,5,6380.86,1502.91
1351,2025-04-07,3,167,11,9,0,1767.15,556.11
1352,2025-05-25,10,106,24,6,10,2047.68,798.84
1353,2025-08-23,5,37,31,10,20,7375.2,3425.9
1354,2025-06-27,3,199,41,2,0,254.32,48.78
1355,2025-06-15,1,51,24,6,10,824.26,598.86
1356,2026-01-22,6,57,12,10,0,1938.0,710.2
1357,2025-12-18,9,117,31,10,10,12199.0,3654.5
1358,2025-12-11,9,52,3,6,5,8093.94,2490.6
1359,2025-08-17,7,144,41,2,0,996.2,77.28
1360,2025-07-21,10,73,47,2,20,444.93,203.08
1361,2025-12-15,8,142,17,4,15,1129.53,398.64
1362,2025-06-10,2,80,24,9,10,5287.68,2545.38
1363,2026-01-20,4,97,37,10,5,9770.75,5415.9
1364,2025-10-29,6,82,16,4,10,902.88,512.08
1365,2025-08-30,8,29,21,6,20,1355.76,759.36
1366,2026-01-14,5,187,15,8,15,5373.36,1687.12
1367,2025-11-13,4,91,7,-9,20,-10501.92,-5715.81
1368,2025-12-03,2,198,30,6,5,4786.86,676.92
1369,2025-08-25,5,135,24,8,15,7164.48,3794.32
1370,2025-05-21,7,51,4,5,5,3340.2,1218.7
1371,2026-01-26,8,93,30,2,20,408.88,199.32
1372,2026-01-01,7,37,14,3,10,1661.31,467.52
1373,2025-12-27,7,143,41,5,10,2913.89,193.2
1374,2025-08-09,8,18,18,8,15,2012.12,1120.08
1375,2026-02-06,6,181,13,9,5,1754.46,741.78
1376,2025-04-23,3,21,31,6,10,1060.29,370.74
1377,2026-01-27,6,75,27,2,20,328.32,164.84
1378,2026-01-03,7,182,18,8,20,4125.44,1481.12
1379,2026-02-25,2,167,31,2,5,1356.6,361.64
1380,2026-03-08,9,155,9,1,10,804.33,216.5
1381,2026-02-15,3,87,40,5,0,888.25,215.45
1382,2025-06-13,9,150,10,2,0,1350.48,333.7
1383,2025-04-11,7,3,39,4,10,2531.52,974.96
1384,2026-02-27,10,11,10,-3,10,-725.22,-67.62
1385,2025-05-01,5,184,45,3,10,2015.01,500.97
1386,2025-12-17,9,187,9,9,15,8887.85,1948.5
1387,2025-05-21,7,141,36,8,0,4453.6,777.92
1388,2025-04-18,10,98,20,7,20,1592.64,268.38
1389,2025-11-23,5,44,20,3,20,2465.42,632.67
1390,2025-12-08,5,3,39,7,10,8628.98,3320.03
1391,2025-06-30,4,46,12,10,15,5404.3,3078.4
1392,2025-11-30,9,131,47,40,15,48279.66,16604.0
1393,2025-12-27,9,43,11,7,20,7590.49,2558.15
1394,2026-01-04,7,145,11,1,5,584.54,155.84
1395,2025-05-15,9,91,24,4,20,3813.12,2057.6
1396,2025-04-17,8,189,34,2,15,480.16,253.12
1397,2025-10-29,9,64,32,2,5,2075.37,830.2
1398,2025-08-08,1,121,30,3,5,430.49,180.18
1399,2025-04-13,4,150,43,6,20,3814.8,1847.04
1400,2025-06-01,9,143,10,8,20,4321.54,1334.8
1401,2025-12-04,8,198,50,5,10,1494.97,498.3
1402,2026-01-05,3,122,2,9,15,1287.5,303.66
1403,2025-12-06,2,60,9,10,10,7160.4,788.2
1404,2025-05-22,3,41,46,10,0,1776.5,430.9
1405,2026-02-13,10,40,36,10,15,2551.7,541.4
1406,2025-04-17,2,140,44,6,0,4896.0,1696.92
1407,2025-08-05,4,82,5,8,10,7405.2,4332.72
1408,2025-06-23,3,107,12,3,20,305.18,73.17
1409,2025-08-14,10,81,18,10,20,2780.8,1015.4
1410,2025-10-12,3,45,6,2,0,336.6,67.48
1411,2025-06-30,10,65,50,6,20,1152.77,324.84
1412,2025-06-19,5,36,16,4,15,2626.98,1545.96
1413,2025-08-15,2,187,2,-2,15,-1040.4,-157.64
1414,2025-06-05,5,134,33,6,20,3540.1,2055.54
1415,2026-03-27,6,153,4,9,20,1969.92,1357.38
1416,2025-05-29,3,102,46,7,15,1057.02,301.63
1417,2025-06-17,4,76,35,3,10,1716.66,923.52
1418,2025-08-12,2,138,41,7,5,3843.7,313.74
1419,2026-03-11,9,132,21,3,15,2658.76,1096.35
1420,2025-06-03,3,169,7,9,20,1292.54,808.56
1421,2025-05-29,9,85,45,9,10,6836.8,1501.65
1422,2025-04-05,6,109,32,8,0,2006.4,1024.16
1423,2025-12-09,1,190,26,3,20,471.28,180.18
1424,2025-12-31,1,129,10,6,5,1001.46,264.96
1425,2025-06-29,2,4,37,10,0,5984.0,2148.2
1426,2025-05-28,9,19,49,6,5,6226.11,2490.6
1427,2025-11-19,5,135,24,8,5,10409.57,3794.32
1428,2026-02-01,7,63,7,4,0,2812.8,974.96
1429,2025-09-18,7,160,41,9,10,4034.61,347.76
1430,2025-08-16,8,168,17,8,15,1737.74,797.28
1431,2026-01-25,8,2,31,8,10,2033.64,1012.48
1432,2025-08-30,1,186,12,8,20,864.96,353.28
1433,2026-02-16,5,138,10,3,15,1903.06,500.97
1434,2025-04-09,1,47,14,10,20,1335.6,759.6
1435,2025-06-09,9,88,48,4,10,2430.86,667.4
1436,2025-09-16,1,132,21,1,20,133.56,75.96
1437,2026-03-07,9,123,25,4,0,4170.6,1461.8
1438,2025-06-17,10,113,4,5,15,1289.28,665.7
1439,2025-10-22,1,79,29,8,5,1027.14,353.28
1440,2025-10-02,9,153,22,8,5,9056.16,4115.2
1441,2025-10-26,6,32,30,-9,0,-1949.4,-844.38
1442,2026-02-04,10,91,44,10,20,3033.6,1331.4
1443,2025-05-16,6,32,8,5,20,866.4,469.1
1444,2025-11-02,8,117,11,6,10,1982.8,759.36
1445,2025-10-01,3,129,12,1,20,127.16,24.39
1446,2025-09-08,4,134,31,9,0,8835.75,4453.56
1447,2026-01-27,3,92,50,7,15,1057.02,301.63
1448,2025-06-11,3,29,14,4,20,502.66,247.16
1449,2025-08-08,7,10,36,1,0,556.7,97.24
1450,2025-10-04,10,182,37,5,0,1738.0,507.7
1451,2025-03-30,10,7,47,2,5,660.44,203.08
1452,2026-02-01,2,79,29,2,0,1156.0,89.64
1453,2026-01-08,3,47,21,4,0,785.4,247.16
1454,2025-09-05,2,22,41,6,15,2947.8,268.92
1455,2026-02-16,7,60,13,7,15,3138.03,475.58
1456,2025-04-25,5,52,19,10,0,9658.0,3864.9
1457,2025-08-16,9,169,44,4,15,4051.44,2057.6
1458,2026-02-15,10,168,17,1,15,255.17,54.14
1459,2026-01-01,6,25,30,6,0,1299.6,562.92
1460,2025-10-07,7,153,4,5,15,2988.6,1218.7
1461,2025-07-14,7,5,20,9,15,3227.69,611.46
1462,2025-12-05,10,115,48,6,5,1990.33,135.24
1463,2026-02-19,1,64,5,5,10,787.05,419.55
1464,2026-03-07,3,146,22,5,15,953.7,449.2
1465,2025-09-10,7,7,19,2,0,1289.2,370.28
1466,2026-01-09,1,183,31,7,20,934.92,531.72
1467,2025-07-04,9,109,3,5,5,4150.74,2075.5
1468,2025-07-17,7,99,9,3,5,1202.47,203.82
1469,2026-02-03,2,150,43,-3,0,-1734.0,-134.46
1470,2025-12-22,4,97,1,4,15,4545.97,2166.36
1471,2025-12-10,8,64,47,8,20,2461.89,1120.08
1472,2025-07-11,1,150,41,10,0,1081.2,441.6
1473,2025-04-22,8,177,16,7,0,2071.3,980.07
1474,2026-03-17,1,37,11,8,10,1202.04,607.68
1475,2026-03-19,4,93,36,2,10,1598.85,802.68
1476,2025-05-21,10,139,27,9,20,2047.68,345.06
1477,2026-01-24,6,124,45,6,15,988.38,426.12
1478,2025-12-03,4,104,4,8,20,9335.04,5080.72
1479,2025-10-13,4,46,45,10,0,7947.5,3078.4
1480,2025-10-09,6,100,23,2,5,519.84,301.64
1481,2025-07-24,6,147,23,6,5,1247.62,904.92
1482,2026-01-02,9,78,46,9,0,8490.15,2395.35
1483,2025-06-02,3,65,8,4,10,511.63,172.36
1484,2025-07-20,7,124,29,4,10,1434.53,154.56
1485,2025-12-18,3,105,36,5,0,1154.73,215.45
1486,2025-08-08,7,3,44,5,15,2988.6,1218.7
1487,2025-07-26,8,170,41,9,10,1481.65,654.84
1488,2025-06-08,2,4,42,3,20,1436.16,644.46
1489,2025-12-29,2,136,25,8,20,5940.48,1446.56
1490,2025-06-26,8,160,43,1,5,173.77,72.76
1491,2025-03-31,9,195,28,2,5,1698.03,433.0
1492,2025-12-31,8,107,35,1,10,267.52,72.76
1493,2026-02-11,10,88,43,3,15,684.93,67.62
1494,2026-02-27,8,52,18,8,10,2130.48,1120.08
1495,2025-11-22,4,103,18,7,5,8891.38,3791.13
1496,2025-08-30,10,130,35,3,20,644.64,67.62
1497,2026-02-18,8,121,8,3,10,689.98,298.98
1498,2025-04-17,8,42,4,2,0,645.6,333.82
1499,2026-02-19,9,106,24,5,10,5362.2,2572.0
1500,2025-08-06,9,182,32,6,5,6226.11,2490.6
1501,2025-07-14,9,50,42,-1,5,-830.15,-415.1
1502,2025-05-11,2,99,15,5,10,2754.0,394.1
1503,2025-05-27,7,50,16,7,5,4286.59,1295.98
1504,2025-04-04,10,105,40,2,0,600.4,108.28
1505,2025-07-11,5,85,12,4,10,2149.34,667.96
1506,2025-12-19,10,53,21,2,20,690.14,171.48
1507,2025-12-18,5,184,43,10,0,9701.9,1669.9
1508,2025-04-04,2,194,20,9,15,4681.8,709.38
1509,2025-08-09,8,135,22,1,20,258.24,166.91
1510,2025-11-04,8,74,12,6,0,1783.47,436.56
1511,2025-04-04,9,58,19,7,5,7263.8,2905.7
1512,2026-02-09,2,185,43,8,10,4161.6,358.56
1513,2026-01-17,8,141,40,-4,5,-971.09,-398.64
1514,2025-11-08,1,135,44,2,5,471.28,199.62
1515,2025-10-31,3,148,31,2,5,373.06,123.58
1516,2025-11-09,8,102,46,6,20,1594.63,597.96
1517,2025-11-18,4,121,36,3,15,2944.55,1204.02
1518,2025-05-04,10,95,29,3,20,644.64,67.62
1519,2025-11-06,8,81,1,2,10,692.41,280.02
1520,2026-01-04,10,15,24,10,10,3412.8,1331.4
1521,2026-01-27,4,26,22,10,15,9537.0,6350.9
1522,2025-11-09,10,91,39,8,5,3746.5,1065.12
1523,2026-02-07,6,92,8,4,10,779.76,375.28
1524,2025-07-18,6,77,25,7,10,1206.58,816.34
1525,2025-10-27,7,122,13,8,10,3797.28,543.52
1526,2025-10-05,2,194,27,2,20,979.2,157.64
1527,2025-11-19,8,101,36,3,20,797.32,298.98
1528,2025-07-24,5,184,43,10,20,4776.32,1669.9
1529,2026-01-28,2,159,23,6,0,4896.0,1696.92
1530,2025-11-10,1,128,25,6,5,1237.1,455.76
1531,2025-08-27,8,129,12,4,0,914.6,291.04
1532,2025-10-17,7,49,25,2,15,1046.01,311.68
1533,2025-04-05,9,152,33,9,5,8914.66,3289.05
1534,2025-12-09,2,168,30,10,10,7558.2,1128.2
1535,2025-06-07,9,198,50,5,0,3773.4,1330.75
1536,2025-12-30,8,66,28,5,20,1258.92,431.05
1537,2025-03-28,6,40,46,9,10,1754.46,844.38
1538,2025-07-18,6,17,44,9,5,1871.42,1357.38
1539,2025-08-25,4,87,40,7,15,5285.09,2809.38
1540,2026-03-16,10,130,41,1,15,228.31,22.54
1541,2025-06-27,4,141,40,8,10,5116.32,3210.72
1542,2025-12-29,8,53,21,2,20,587.5,253.12
1543,2025-07-03,10,10,40,8,15,1633.09,433.12
1544,2025-06-26,10,129,12,2,10,386.78,45.08
1545,2025-08-04,1,111,3,1,10,157.41,83.91
1546,2026-02-23,4,192,22,6,5,6395.4,3810.54
1547,2025-12-29,10,35,12,7,0,2444.26,157.78
1548,2025-12-13,3,39,23,7,20,1633.63,628.88
1549,2025-11-03,6,130,48,9,10,2040.71,639.18
1550,2025-11-30,4,100,24,8,0,11668.8,5080.72
1551,2025-08-16,10,53,11,1,10,298.62,85.74
1552,2025-05-30,2,59,27,2,10,1101.6,157.64
1553,2025-12-06,9,35,43,5,20,4389.06,834.25
1554,2025-06-11,4,39,4,1,0,897.6,635.09
1555,2025-03-28,10,11,10,7,10,1692.18,157.78
1556,2025-12-25,4,84,5,5,0,6685.25,2707.95
1557,2025-08-01,2,90,32,7,5,4974.2,1503.74
1558,2025-12-05,3,97,19,7,0,1871.87,497.98
1559,2026-03-03,9,42,39,9,5,10188.18,4629.6
1560,2025-07-26,7,120,2,10,10,3797.28,679.4
1561,2025-05-03,5,193,12,5,0,3731.5,834.95
1562,2025-08-30,4,179,20,5,10,3786.75,1772.95
1563,2026-01-26,2,36,16,9,15,5722.2,1933.38
1564,2026-01-16,2,109,16,3,20,1795.2,644.46
1565,2025-09-17,2,175,24,6,15,4161.6,1696.92
1566,2026-01-23,10,100,44,10,15,3223.2,1331.4
1567,2025-07-03,4,93,50,5,20,2842.4,2006.7
1568,2025-11-08,6,30,26,4,5,1070.0,375.28
1569,2025-06-02,2,93,50,4,20,1653.76,451.28
1570,2026-01-24,4,179,15,7,5,5595.98,2482.13
1571,2025-03-29,4,75,6,8,0,6732.0,2836.72
1572,2026-01-18,1,47,25,10,0,1669.5,759.6
1573,2025-12-09,3,53,21,5,20,1021.02,308.95
1574,2025-06-22,6,147,39,2,0,437.76,301.64
1575,2025-10-03,7,175,23,3,15,1793.16,731.22
1576,2025-11-15,4,127,9,3,0,3281.85,1063.77
1577,2025-08-21,9,195,9,6,0,5362.2,1299.0
1578,2025-08-26,7,199,29,9,0,4482.9,347.76
1579,2026-01-14,7,130,35,3,10,1344.87,115.92
1580,2025-05-06,3,36,42,3,5,586.24,213.42
1581,2025-08-12,8,63,44,2,20,516.48,333.82
1582,2025-04-16,2,67,27,6,15,3121.2,472.92
1583,2025-06-27,8,154,11,5,5,1073.31,632.8
1584,2025-10-19,1,133,17,2,20,241.68,120.12
1585,2025-06-11,5,57,29,10,20,4776.32,1669.9
1586,2025-04-10,4,187,2,8,15,5722.2,2836.72
1587,2026-03-27,8,162,34,9,0,2542.05,1139.04
1588,2025-12-13,9,175,22,1,5,1471.63,514.4
1589,2025-10-29,1,154,11,10,20,1335.6,759.6
1590,2025-04-28,4,69,46,6,5,5063.02,2408.04
1591,2025-09-08,7,174,9,5,20,2109.6,339.7
1592,2025-09-16,8,114,11,10,20,2259.6,1265.6
1593,2025-03-30,9,27,29,4,15,2869.77,667.4
1594,2026-02-24,9,187,38,1,20,714.96,216.5
1595,2025-11-30,1,157,13,1,15,158.13,52.11
1596,2026-02-20,6,14,7,1,10,246.24,150.82
1597,2026-03-12,3,88,29,6,0,953.7,146.34
1598,2025-09-27,8,156,48,3,20,548.76,218.28
1599,2025-06-27,5,196,34,1,10,663.77,342.59
1600,2025-09-16,4,161,20,-7,10,-5301.45,-2482.13
1601,2025-04-16,10,137,22,6,15,1933.92,798.84
1602,2026-01-05,6,168,46,35,0,7581.0,3283.7
1603,2025-07-22,8,40,50,5,5,971.09,498.3
1604,2025-06-20,3,194,13,-10,15,-1144.44,-337.4
1605,2026-01-24,5,26,22,2,15,1791.12,948.58
1606,2025-09-24,5,52,18,1,20,772.64,386.49
1607,2025-08-07,4,85,35,4,5,3020.05,1231.36
1608,2025-10-14,9,90,1,1,5,1037.69,415.1
1609,2026-02-03,2,90,47,2,15,1271.6,429.64
1610,2025-04-09,5,104,24,5,15,4477.8,2371.45
1611,2025-08-18,5,34,38,6,10,4267.08,1265.34
1612,2025-04-12,5,124,43,9,0,6716.7,1502.91
1613,2025-04-10,6,71,4,1,15,232.56,150.82
1614,2025-11-11,6,107,48,4,0,1007.76,284.08
1615,2025-06-11,7,121,26,10,5,4230.92,972.4
1616,2025-07-16,7,63,44,10,10,5063.04,2437.4
1617,2025-10-07,3,155,2,8,10,1211.76,269.92
1618,2025-05-12,9,21,25,10,5,9905.17,3654.5
1619,2025-10-20,3,195,13,4,5,639.54,134.96
1620,2025-07-06,4,21,11,4,20,2513.28,1979.36
1621,2025-10-24,4,48,8,1,0,888.25,401.34
1622,2025-10-03,7,182,5,1,15,547.91,185.14
1623,2025-09-03,1,177,47,9,5,1495.4,755.19
1624,2025-11-25,5,76,35,1,20,776.15,166.99
1625,2025-05-23,8,141,36,1,20,204.44,99.66
1626,2025-12-14,7,192,44,5,15,3885.18,1218.7
1627,2025-03-31,1,86,28,4,0,572.4,208.44
1628,2025-03-31,6,37,11,-4,20,-766.08,-466.48
1629,2025-12-11,9,167,25,8,20,8674.85,2923.6
1630,2025-08-07,6,155,28,3,20,492.48,247.26
1631,2025-08-14,5,189,31,2,10,1659.42,685.18
1632,2025-11-10,7,121,17,4,0,2894.84,388.96
1633,2026-01-12,9,138,29,7,0,5908.35,1167.95
1634,2025-07-12,9,143,41,8,20,4321.54,1334.8
1635,2025-12-11,9,50,32,10,20,11359.92,4151.0
1636,2025-10-10,2,169,22,9,15,6242.4,2545.38
1637,2025-05-15,2,126,14,7,5,4748.1,1265.74
1638,2025-06-28,3,105,40,10,20,1136.96,430.9
1639,2025-09-11,6,22,45,1,0,193.8,71.02
1640,2025-05-24,3,169,4,3,20,538.56,269.52
1641,2026-02-04,2,157,15,5,15,2601.0,394.1
1642,2025-06-25,10,62,32,6,5,1585.06,609.24
1643,2025-08-28,6,125,50,6,5,1234.62,562.92
1644,2025-11-29,9,104,24,8,0,12392.64,4115.2
1645,2025-07-12,3,7,32,4,5,625.33,284.56
1646,2025-12-06,9,41,46,4,5,4660.15,1064.6
1647,2026-03-23,7,48,17,10,0,5567.0,972.4
1648,2025-05-14,6,16,18,3,5,714.78,384.06
1649,2025-05-31,1,11,43,3,15,344.63,132.48
1650,2025-10-18,8,23,50,8,20,1635.52,797.28
1651,2025-11-12,7,9,18,7,5,5572.57,1295.98
1652,2025-04-30,2,19,37,9,10,6058.8,1933.38
1653,2025-11-30,7,180,46,4,0,2894.84,388.96
1654,2025-08-25,7,161,15,5,15,2241.45,339.7
1655,2026-01-28,2,22,10,5,20,2312.0,224.1
1656,2025-08-02,7,83,44,2,0,1406.4,487.48
1657,2025-12-23,1,46,29,5,20,702.78,220.8
1658,2025-06-14,3,131,16,1,5,156.33,71.14
1659,2025-05-12,6,113,22,6,10,1477.44,904.92
1660,2025-11-18,10,156,10,2,10,628.52,45.08
1661,2025-04-12,10,168,36,6,20,1440.96,324.84
1662,2026-01-08,10,99,27,9,15,2175.66,345.06
1663,2025-06-28,4,138,29,5,10,2861.1,1539.2
1664,2025-12-19,6,101,40,3,10,760.27,281.46
1665,2025-06-20,2,120,9,7,5,3255.84,551.74
1666,2025-09-05,5,102,26,9,0,7506.9,2293.11
1667,2026-01-01,1,86,27,4,5,543.78,208.44
1668,2025-05-12,1,199,35,8,15,919.02,353.28
1669,2025-05-12,9,145,34,3,0,3127.95,1096.35
1670,2025-08-19,1,56,13,1,0,143.1,52.11
1671,2025-08-12,5,177,18,4,20,3090.56,1545.96
1672,2026-03-02,2,148,31,4,0,2856.0,723.28
1673,2025-04-11,2,179,2,-6,5,-3488.4,-472.92
1674,2026-02-09,4,154,11,10,0,9817.5,4948.4
1675,2025-04-02,2,65,46,5,20,2584.0,564.1
1676,2025-08-17,3,59,28,1,5,159.88,33.74
1677,2025-11-29,9,158,3,4,0,5679.96,1660.4
1678,2025-08-12,6,119,38,3,15,523.26,247.26
1679,2025-07-15,9,33,44,6,20,4575.74,3086.4
1680,2025-06-02,2,103,42,1,10,538.56,214.82
1681,2025-11-05,2,170,29,5,20,3005.6,224.1
1682,2025-11-24,4,40,50,10,15,9815.16,4013.4
1683,2025-10-08,9,101,8,7,10,5943.1,1863.05
1684,2025-07-07,2,111,5,1,20,478.72,214.82
1685,2026-01-31,6,125,8,7,20,1212.96,656.74
1686,2025-07-19,8,140,24,6,0,1549.44,1001.46
1687,2025-12-23,3,124,41,3,10,557.91,73.17
1688,2026-01-06,10,22,43,25,15,5707.75,563.5
1689,2025-08-02,4,96,45,3,15,2026.61,923.52
1690,2025-11-11,1,165,33,10,10,1953.32,759.6
1691,2026-01-16,7,71,24,10,0,7032.0,2437.4
1692,2026-02-13,9,157,13,5,15,3798.22,1082.5
1693,2025-07-03,9,5,15,7,5,4754.48,1515.5
1694,2025-04-20,5,12,45,8,5,5671.88,1335.92
1695,2026-03-05,8,65,26,2,5,485.54,199.32
1696,2026-03-07,9,39,44,7,5,7924.14,3600.8
1697,2025-06-29,10,200,26,7,0,1681.12,378.98
1698,2025-12-13,4,183,21,9,20,9189.18,4453.56
1699,2025-08-21,5,104,4,9,20,7585.92,4268.61
1700,2025-10-16,3,142,46,7,10,1119.2,301.63
1701,2025-05-13,5,152,33,8,15,6268.92,2740.72
1702,2025-11-27,7,96,12,8,0,5180.24,309.12
1703,2025-04-03,10,77,21,10,10,2986.2,857.4
1704,2025-04-24,6,7,42,6,20,1203.84,768.12
1705,2025-04-05,6,97,5,5,20,1003.2,640.1
1706,2025-08-22,1,44,27,1,10,128.79,52.11
1707,2025-09-09,9,54,18,10,15,9284.55,4151.0
1708,2025-11-28,1,173,27,1,15,158.13,52.11
1709,2025-05-22,4,82,42,1,10,925.65,541.59
1710,2025-12-04,4,107,43,9,5,8833.65,2770.56
1711,2025-09-23,10,14,39,10,20,3033.6,1331.4
1712,2025-06-06,8,173,6,3,15,493.88,258.63
1713,2025-09-06,9,196,14,4,20,3336.48,1461.8
1714,2025-08-23,2,148,34,5,5,3391.5,904.1
1715,2025-09-28,9,18,5,1,0,1092.3,415.1
1716,2025-09-13,3,23,46,10,15,1510.02,430.9
1717,2025-08-27,3,36,3,6,15,1049.07,426.84
1718,2025-10-28,10,23,46,3,10,810.54,162.42
1719,2026-01-22,7,75,2,10,20,4219.2,679.4
1720,2026-03-17,9,106,22,6,20,5719.68,3086.4
1721,2025-08-09,4,6,45,1,0,794.75,307.84
1722,2025-05-21,5,9,37,10,10,8692.2,3864.9
1723,2025-06-25,8,54,18,3,20,568.13,420.03
1724,2025-05-03,1,21,33,4,10,601.02,303.84
1725,2025-08-20,1,158,3,9,0,1574.1,755.19
1726,2025-07-27,5,176,25,3,0,2212.56,1027.77
1727,2026-02-14,2,181,2,1,5,581.4,78.82
1728,2025-08-14,1,38,18,1,20,139.92,83.91
1729,2026-02-21,1,175,23,10,0,1908.0,998.1
1730,2025-04-06,3,86,15,1,0,168.3,33.74
1731,2025-09-07,2,173,20,8,10,4406.4,630.56
1732,2025-08-16,7,59,6,6,20,2531.52,407.64
1733,2025-09-02,3,47,11,4,15,667.59,247.16
1734,2025-12-18,10,76,48,6,20,1676.06,135.24
1735,2026-03-27,1,22,45,6,0,810.9,264.96
1736,2026-03-13,7,161,13,1,5,501.03,67.94
1737,2025-07-01,3,114,34,10,0,1570.8,617.9
1738,2026-03-05,1,111,42,2,15,297.33,167.82
1739,2025-07-17,4,187,13,6,20,3231.36,2127.54
1740,2025-11-26,8,166,31,6,5,2092.95,759.36
1741,2025-10-25,6,90,3,10,0,2508.0,1280.2
1742,2025-11-13,10,99,28,6,5,2107.4,230.04
1743,2025-04-29,4,168,50,30,10,23982.75,12040.2
1744,2025-07-29,2,184,10,3,15,1179.12,134.46
1745,2025-07-08,8,57,12,8,0,1463.36,582.08
1746,2026-02-21,2,7,5,3,5,2131.8,644.46
1747,2025-07-17,2,133,50,10,10,4651.2,1128.2
1748,2025-11-30,6,43,33,20,15,5290.74,2332.4
1749,2026-01-24,10,108,28,3,20,682.56,115.02
1750,2026-03-24,7,143,45,5,15,2116.92,193.2
1751,2025-05-16,2,137,4,3,10,2203.2,848.46
1752,2026-02-26,3,142,36,1,20,142.12,43.09
1753,2025-09-25,7,66,15,7,0,3691.8,475.58
1754,2026-03-27,2,1,37,1,0,748.0,214.82
1755,2025-08-12,10,181,2,-10,15,-2417.4,-383.4
1756,2026-02-10,9,168,26,10,20,7546.8,2661.5
1757,2025-06-22,10,153,7,10,15,2578.56,1331.4
1758,2025-04-12,10,14,4,8,0,3033.6,1065.12
1759,2026-01-11,8,105,30,-6,20,-1226.64,-597.96
1760,2025-04-25,4,30,50,4,15,3020.05,1605.36
1761,2025-09-25,1,68,8,6,20,725.04,360.36
1762,2026-01-12,7,163,4,2,15,1195.44,487.48
1763,2026-02-15,2,136,25,-8,10,-5140.8,-1446.56
1764,2025-08-22,10,34,27,5,20,1137.6,191.7
1765,2025-09-03,1,144,45,4,20,432.48,176.64
1766,2025-04-11,9,51,7,6,10,6434.64,3086.4
1767,2025-07-13,1,143,41,2,20,172.99,88.32
1768,2025-07-23,6,62,19,1,0,200.64,128.02
1769,2026-02-25,1,176,25,8,20,1068.48,607.68
1770,2025-05-06,2,124,29,3,10,1560.6,134.46
1771,2026-03-23,4,129,35,8,15,5404.3,2462.72
1772,2025-05-27,6,85,35,6,15,988.38,426.12
1773,2025-06-01,5,10,8,7,15,3970.32,1783.53
1774,2026-02-01,5,115,41,8,5,5671.88,1335.92
1775,2025-12-16,3,187,38,4,10,787.64,134.96
1776,2025-10-28,3,140,44,8,10,1615.68,718.72
1777,2025-11-06,3,4,16,1,0,267.41,71.14
1778,2025-04-06,6,134,25,1,0,239.4,116.62
1779,2025-06-14,6,102,36,5,0,866.4,469.1
1780,2026-02-20,2,189,34,2,5,1356.6,361.64
1781,2025-08-31,7,113,44,3,5,2004.12,731.22
1782,2026-03-11,1,53,21,3,0,500.85,227.88
1783,2025-08-17,9,193,41,9,20,6077.16,1501.65
1784,2025-07-10,7,63,24,6,10,3037.82,1462.44
1785,2025-08-28,10,137,39,10,5,3602.4,1331.4
1786,2025-12-09,5,78,8,1,0,1084.33,254.79
1787,2025-04-22,4,200,8,3,20,2131.8,1204.02
1788,2025-10-12,5,89,7,7,10,6637.68,3320.03
1789,2025-04-12,7,110,4,1,20,562.56,243.74
1790,2025-11-08,6,185,12,6,15,1284.89,426.12
1791,2025-10-29,9,181,28,4,10,3217.32,866.0
1792,2025-08-20,2,166,11,9,5,6104.7,1627.38
1793,2025-07-18,2,145,31,5,5,2713.2,904.1
1794,2025-06-07,4,57,35,5,10,2861.1,1539.2
1795,2025-07-06,9,5,28,2,5,1358.42,433.0
1796,2025-08-09,7,60,9,7,20,2953.44,475.58
1797,2025-11-22,2,150,29,9,20,5410.08,403.38
1798,2025-07-23,7,9,42,3,10,1392.34,555.42
1799,2025-06-10,4,162,34,6,15,4005.54,2969.04
1800,2026-02-17,4,179,2,7,15,5006.92,2482.13
1801,2025-12-16,9,138,29,5,10,4937.69,834.25
1802,2025-11-06,6,74,35,8,5,1914.74,568.16
1803,2025-12-14,2,130,43,2,10,1352.52,89.64
1804,2025-06-14,8,99,20,-4,15,-658.51,-344.84
1805,2026-03-24,5,182,3,5,15,4104.65,1932.45
1806,2025-07-13,8,102,26,8,5,1553.74,797.28
1807,2025-05-16,8,190,50,5,5,1213.86,498.3
1808,2025-07-07,8,148,25,8,15,1536.53,1012.48
1809,2026-03-04,8,146,23,5,20,1291.2,834.55
1810,2025-08-21,9,186,10,9,10,6836.8,1501.65
1811,2026-02-27,5,145,33,3,0,2765.7,1027.77
1812,2025-10-08,9,29,34,7,10,6568.7,2558.15
1813,2026-01-26,9,36,1,3,20,2621.52,1245.3
1814,2026-03-17,9,30,40,1,10,849.02,266.15
1815,2025-06-11,4,130,12,8,15,4323.44,2462.72
1816,2025-07-15,2,156,10,5,5,2196.4,224.1
1817,2026-03-10,7,194,13,5,0,2637.0,339.7
1818,2025-09-30,10,151,40,1,10,270.18,54.14
1819,2025-06-16,1,189,33,2,5,253.76,151.92
1820,2025-09-08,5,180,50,6,0,5004.6,1528.74
1821,2025-06-12,6,35,43,7,0,1085.28,497.14
1822,2025-08-19,10,98,28,4,15,966.96,153.36
1823,2025-10-10,9,4,5,1,15,928.46,415.1
1824,2026-01-03,4,41,40,9,0,7994.25,3612.06
1825,2026-02-01,2,147,39,9,5,6976.8,2545.38
1826,2026-03-02,4,118,20,10,0,8415.0,3545.9
1827,2025-05-13,4,183,33,8,15,6675.9,3958.72
1828,2025-05-22,6,90,18,2,20,401.28,256.04
1829,2025-08-20,8,26,24,1,5,306.66,166.91
1830,2025-10-25,1,147,23,10,0,1908.0,998.1
1831,2025-07-21,9,78,46,10,20,6037.44,2661.5
1832,2025-10-18,1,109,18,3,10,472.23,251.73
1833,2026-01-01,7,118,20,8,10,3797.28,543.52
1834,2026-03-02,5,76,10,3,20,1791.12,500.97
1835,2026-03-06,3,158,42,4,5,781.66,284.56
1836,2025-08-21,6,108,13,1,15,174.42,82.42
1837,2025-10-21,3,1,1,2,15,349.69,142.28
1838,2026-02-19,1,126,25,4,5,634.41,303.84
1839,2026-03-01,3,79,41,10,5,1510.02,243.9
1840,2025-08-31,9,68,17,6,5,5377.09,1596.9
1841,2025-12-12,2,58,5,2,5,1847.56,429.64
1842,2025-08-12,2,137,24,9,0,7344.0,2545.38
1843,2025-10-23,10,70,16,9,5,2971.98,913.86
1844,2025-10-21,9,66,27,5,10,4021.65,1082.5
1845,2025-03-30,1,97,49,8,15,1189.32,671.28
1846,2025-09-15,9,69,26,10,10,8490.15,2661.5
1847,2025-05-02,3,83,7,9,0,2019.6,808.56
1848,2025-12-26,9,95,35,2,0,2194.53,333.7
1849,2025-07-08,10,104,39,3,5,864.58,399.42
1850,2025-04-27,7,95,29,10,5,4731.95,386.4
1851,2025-05-29,4,67,6,10,0,8415.0,3545.9
1852,2025-11-15,2,23,46,2,0,1679.6,225.64
1853,2025-11-06,8,78,50,2,5,631.21,199.32
1854,2025-07-02,4,29,14,9,0,7068.6,4453.56
1855,2025-07-17,10,141,8,7,10,1513.01,378.98
1856,2026-02-27,5,167,11,7,10,5807.97,2398.13
1857,2025-06-26,1,82,1,10,5,1329.24,839.1
1858,2025-12-21,7,1,3,-8,20,-5363.07,-1481.12
1859,2025-12-15,10,47,31,3,15,1099.92,257.22
1860,2025-06-15,9,154,25,7,10,5254.96,2558.15
1861,2026-03-22,5,58,32,10,10,8692.2,3864.9
1862,2026-02-21,3,110,22,7,5,1492.26,628.88
1863,2026-02-15,7,62,37,7,20,3609.76,1295.98
1864,2025-12-04,1,53,14,4,5,824.73,303.84
1865,2025-10-22,9,196,33,8,10,7507.08,2923.6
1866,2025-05-26,10,196,14,6,0,1990.8,514.44
1867,2026-02-15,4,145,11,6,0,5890.5,2969.04
1868,2025-08-06,2,178,24,5,5,3876.0,1414.1
1869,2026-02-19,5,189,33,8,15,6268.92,2740.72
1870,2026-03-03,1,121,46,4,15,513.57,240.24
1871,2025-07-12,2,33,22,5,10,2937.6,1414.1
1872,2025-05-16,10,183,34,6,15,1692.18,514.44
1873,2026-01-29,3,10,26,7,0,1243.55,301.63
1874,2025-04-21,10,113,24,2,15,644.64,266.28
1875,2025-10-03,6,3,23,8,0,2188.8,1206.56
1876,2025-12-10,9,52,32,7,20,7951.94,2905.7
1877,2025-06-28,3,31,24,9,5,1534.9,808.56
1878,2025-11-04,1,18,1,1,10,204.63,83.91
1879,2025-12-02,4,107,35,3,0,3099.52,923.52
1880,2026-01-22,1,7,5,5,15,743.32,419.55
1881,2025-04-12,4,169,23,7,0,7854.0,4445.63
1882,2025-06-30,8,33,23,9,0,2324.16,1502.19
1883,2026-03-09,10,99,15,1,20,227.52,38.34
1884,2025-10-04,7,195,6,4,10,1898.64,271.76
1885,2025-11-02,2,138,35,5,15,3193.45,224.1
1886,2026-03-24,2,40,8,1,0,646.0,112.82
1887,2025-11-15,4,30,26,1,5,1096.99,401.34
1888,2025-04-03,2,95,41,4,5,2196.4,179.28
1889,2025-04-02,9,149,30,6,15,4811.08,1596.9
1890,2026-01-25,9,121,36,9,15,7216.63,2395.35
1891,2026-02-21,3,200,36,2,20,284.24,86.18
1892,2025-08-02,2,9,18,4,0,2992.0,859.28
1893,2025-11-06,3,163,23,8,5,2217.07,718.72
1894,2026-01-08,7,104,23,8,20,4500.48,1949.92
1895,2025-03-28,3,186,12,8,5,1208.02,195.12
1896,2025-06-26,1,55,24,9,20,1099.01,898.29
1897,2025-11-12,6,65,40,6,5,1605.01,562.92
1898,2025-11-21,6,144,12,5,5,1196.71,355.1
1899,2025-07-02,10,41,40,5,5,1140.76,270.7
1900,2025-11-07,3,94,20,7,15,1301.8,236.18
1901,2025-06-03,5,1,49,3,0,2317.92,1159.47
1902,2025-09-14,4,81,18,4,15,3496.9,2166.36
1903,2025-12-25,4,48,8,4,0,4618.9,1605.36
1904,2026-02-09,6,72,36,5,5,1028.85,469.1
1905,2025-03-28,4,22,43,9,0,7152.75,2770.56
1906,2026-02-28,8,27,48,1,10,205.78,72.76
1907,2026-02-07,5,84,47,3,20,2317.92,1159.47
1908,2026-01-17,4,161,20,10,15,7152.75,3545.9
1909,2025-04-02,4,87,50,4,5,3375.35,1605.36
1910,2025-04-19,10,189,25,10,0,3318.0,857.4
1911,2025-12-29,6,22,12,5,0,1259.7,355.1
1912,2025-12-21,8,8,37,7,5,2558.06,980.07
1913,2025-06-21,6,161,13,8,5,1247.62,659.36
1914,2025-09-26,2,139,20,4,15,2080.8,315.28
1915,2025-09-03,8,1,19,5,20,1183.6,700.05
1916,2025-08-23,6,71,23,10,5,2599.2,1508.2
1917,2025-06-20,5,90,1,10,20,6181.12,3864.9
1918,2025-09-14,3,32,50,1,5,168.77,43.09
1919,2025-11-18,4,161,2,6,15,5579.14,2127.54
1920,2026-01-18,7,90,3,10,15,5479.1,1851.4
1921,2025-05-06,3,172,40,5,10,799.42,215.45
1922,2025-04-09,4,2,21,2,20,1570.8,989.68
1923,2025-08-12,10,178,4,2,0,758.4,266.28
1924,2025-06-03,1,32,40,5,0,604.2,300.3
1925,2025-07-19,10,36,1,5,5,1320.88,507.7
1926,2025-09-28,3,79,45,5,10,715.28,121.95
1927,2025-07-14,1,183,33,-3,5,-380.65,-227.88
1928,2026-03-01,8,2,33,4,10,1016.82,506.24
1929,2026-01-08,5,172,46,10,15,7089.85,2547.9
1930,2026-02-28,1,109,47,6,15,891.99,503.46
1931,2025-08-09,7,181,9,1,0,527.4,67.94
1932,2025-05-13,8,40,36,5,15,1086.09,498.3
1933,2025-09-22,7,126,21,7,10,3876.39,1090.88
1934,2026-03-27,4,94,6,7,20,4712.4,2482.13
1935,2026-01-17,7,101,30,10,5,5288.65,972.4
1936,2025-03-30,8,175,39,4,15,1097.52,667.64
1937,2025-09-29,3,56,38,4,20,538.56,134.96
1938,2025-06-29,7,90,1,-8,10,-3712.9,-1481.12
1939,2026-02-09,7,118,15,9,0,4746.6,611.46
1940,2026-03-24,5,93,26,3,10,2252.07,764.37
1941,2025-10-18,4,151,36,3,20,2131.8,1204.02
1942,2026-02-17,7,172,36,2,0,1113.4,194.48
1943,2025-12-30,9,153,22,3,5,4414.88,1543.2
1944,2026-03-06,7,81,19,9,0,5801.4,1666.26
1945,2025-07-15,10,160,10,6,15,1095.89,135.24
1946,2025-08-28,10,145,34,4,5,1260.84,342.96
1947,2025-12-06,4,115,10,4,0,4132.7,1231.36
1948,2025-09-04,7,126,33,7,5,4091.75,1090.88
1949,2025-04-25,5,60,9,30,10,21335.4,6326.7
1950,2025-04-11,5,154,25,10,10,8297.1,3425.9
1951,2025-11-24,3,139,15,8,10,1575.29,269.92
1952,2025-10-30,2,1,47,8,10,5385.6,1718.56
1953,2025-09-10,5,148,21,10,20,7375.2,3425.9
1954,2026-01-17,6,181,38,10,5,1949.4,824.2
1955,2025-12-31,6,71,7,8,15,2418.62,1206.56
1956,2026-03-20,7,147,4,9,0,6328.8,2193.66
1957,2025-07-26,6,171,30,7,20,970.37,656.74
1958,2025-08-10,8,166,11,5,0,1412.25,632.8
1959,2025-12-08,2,181,20,1,5,755.82,78.82
1960,2026-01-25,4,44,38,-15,5,-11991.38,-5318.85
1961,2025-04-05,1,30,46,6,0,906.3,360.36
1962,2025-07-19,8,89,39,10,0,2582.4,1669.1
1963,2025-12-31,10,181,38,3,15,942.79,115.02
1964,2025-06-04,2,3,7,3,5,1860.48,848.46
1965,2025-09-13,6,73,1,8,15,1705.44,1024.16
1966,2025-07-30,3,189,14,3,15,400.55,185.37
1967,2025-11-22,1,78,26,1,0,196.36,60.06
1968,2025-05-29,6,161,15,8,10,1477.44,659.36
1969,2025-08-15,3,5,9,4,10,605.88,134.96
1970,2025-12-07,6,121,17,10,5,2675.01,938.2
1971,2025-09-03,6,93,50,8,0,1732.8,750.56
1972,2026-03-06,8,112,48,3,10,617.36,218.28
1973,2026-02-05,4,69,36,7,10,5595.98,2809.38
1974,2026-01-03,2,139,13,7,20,3427.2,551.74
1975,2025-07-31,1,25,46,8,5,918.38,480.48
1976,2026-03-26,6,149,8,1,10,194.94,93.82
1977,2025-11-30,4,151,46,9,10,9353.27,3612.06
1978,2025-05-09,3,188,38,6,20,807.84,202.44
1979,2025-12-23,7,117,25,6,15,4079.44,935.04
1980,2025-05-06,9,168,50,4,20,3018.72,1064.6
1981,2026-01-23,10,168,30,1,10,270.18,54.14
1982,2026-02-07,8,24,8,4,10,919.98,398.64
1983,2025-07-01,3,86,20,5,5,639.54,168.7
1984,2025-06-16,6,21,11,2,15,325.58,233.24
1985,2025-12-29,7,88,35,9,5,5536.38,347.76
1986,2025-04-28,6,84,3,5,0,1254.0,640.1
1987,2026-03-08,1,132,33,2,15,283.82,151.92
1988,2026-02-02,1,70,49,5,15,743.32,419.55
1989,2025-07-20,10,127,28,8,0,1820.16,306.72
1990,2025-05-08,6,12,48,10,10,1744.2,710.2
1991,2025-07-21,8,5,2,6,10,1045.87,517.26
1992,2025-04-13,9,168,17,3,10,2547.04,798.45
1993,2026-02-04,6,16,47,8,15,1705.44,1024.16
1994,2025-11-15,4,122,20,4,5,4157.01,1418.36
1995,2025-08-12,3,114,31,7,15,1168.28,432.53
1996,2025-06-17,4,117,14,4,10,2827.44,1979.36
1997,2025-04-28,5,96,35,3,20,1791.12,500.97
1998,2026-01-26,5,2,21,1,20,737.52,342.59
1999,2025-10-06,1,89,7,9,5,1631.34,898.29
2000,2026-03-27,3,160,41,2,15,270.21,48.78
